customer_id,reporting_week,mcc,spend_amount,transaction_count,avg_ticket_amount
CUST00001,2025-11-18,5999,486.29,11,44.21
CUST00001,2025-11-18,5812,722.67,8,90.33
CUST00001,2025-11-18,5912,735.9,2,367.95
CUST00001,2025-11-18,5411,2043.7,30,68.12
CUST00002,2025-11-18,5812,271.13,16,16.95
CUST00002,2025-11-18,5814,413.34,19,21.75
CUST00003,2025-11-18,5812,951.44,18,52.86
CUST00003,2025-11-18,5311,539.92,18,30.0
CUST00003,2025-11-18,5999,699.1,15,46.61
CUST00003,2025-11-18,5912,82.67,8,10.33
CUST00004,2025-11-18,5814,225.61,4,56.4
CUST00004,2025-11-18,5541,1487.88,43,34.6
CUST00004,2025-11-18,5732,721.23,24,30.05
CUST00004,2025-11-18,5912,852.31,8,106.54
CUST00004,2025-11-18,5311,1391.88,33,42.18
CUST00004,2025-11-18,5812,183.88,13,14.14
CUST00005,2025-11-18,5812,742.56,8,92.82
CUST00005,2025-11-18,5732,2127.69,48,44.33
CUST00005,2025-11-18,5541,4647.18,31,149.91
CUST00005,2025-11-18,5999,743.13,5,148.63
CUST00005,2025-11-18,5912,498.6,3,166.2
CUST00006,2025-11-18,5814,2276.66,18,126.48
CUST00006,2025-11-18,5999,241.63,13,18.59
CUST00006,2025-11-18,5812,2238.79,41,54.6
CUST00006,2025-11-18,5732,439.86,7,62.84
CUST00006,2025-11-18,5411,1997.16,41,48.71
CUST00007,2025-11-18,5541,227.24,12,18.94
CUST00007,2025-11-18,5311,1390.74,37,37.59
CUST00007,2025-11-18,5732,1567.77,36,43.55
CUST00008,2025-11-18,5814,370.73,10,37.07
CUST00008,2025-11-18,5999,1895.26,41,46.23
CUST00008,2025-11-18,5812,291.22,17,17.13
CUST00008,2025-11-18,5311,522.39,7,74.63
CUST00009,2025-11-18,5999,377.82,5,75.56
CUST00010,2025-11-18,5411,126.81,4,31.7
CUST00011,2025-11-18,5814,808.43,16,50.53
CUST00011,2025-11-18,5541,711.02,6,118.5
CUST00011,2025-11-18,5812,541.47,45,12.03
CUST00012,2025-11-18,5814,845.82,18,46.99
CUST00012,2025-11-18,5812,928.46,18,51.58
CUST00012,2025-11-18,5732,2543.06,25,101.72
CUST00013,2025-11-18,5311,314.93,9,34.99
CUST00014,2025-11-18,5812,685.54,6,114.26
CUST00014,2025-11-18,5732,146.4,16,9.15
CUST00014,2025-11-18,5311,202.77,18,11.26
CUST00015,2025-11-18,5311,759.17,16,47.45
CUST00015,2025-11-18,5814,734.89,7,104.98
CUST00016,2025-11-18,5411,979.95,6,163.32
CUST00017,2025-11-18,5814,235.48,1,235.48
CUST00017,2025-11-18,5999,2421.39,44,55.03
CUST00017,2025-11-18,5732,943.44,12,78.62
CUST00018,2025-11-18,5812,2909.05,40,72.73
CUST00018,2025-11-18,5311,977.28,30,32.58
CUST00018,2025-11-18,5411,211.02,3,70.34
CUST00018,2025-11-18,5999,591.56,3,197.19
CUST00018,2025-11-18,5541,990.55,15,66.04
CUST00019,2025-11-18,5814,723.47,11,65.77
CUST00019,2025-11-18,5999,818.89,10,81.89
CUST00020,2025-11-18,5912,117.39,1,117.39
CUST00020,2025-11-18,5311,895.51,14,63.96
CUST00020,2025-11-18,5541,139.28,2,69.64
CUST00021,2025-11-18,5311,831.47,10,83.15
CUST00021,2025-11-18,5814,546.13,5,109.23
CUST00021,2025-11-18,5999,1643.16,14,117.37
CUST00021,2025-11-18,5912,1851.59,39,47.48
CUST00021,2025-11-18,5732,977.06,16,61.07
CUST00021,2025-11-18,5812,805.43,19,42.39
CUST00022,2025-11-18,5541,933.24,10,93.32
CUST00022,2025-11-18,5814,277.8,2,138.9
CUST00022,2025-11-18,5411,937.88,8,117.24
CUST00023,2025-11-18,5411,769.95,19,40.52
CUST00024,2025-11-18,5311,542.9,21,25.85
CUST00025,2025-11-18,5541,951.69,10,95.17
CUST00025,2025-11-18,5311,2064.65,19,108.67
CUST00026,2025-11-18,5311,418.76,12,34.9
CUST00026,2025-11-18,5812,820.64,1,820.64
CUST00027,2025-11-18,5912,253.86,13,19.53
CUST00027,2025-11-18,5311,637.34,19,33.54
CUST00027,2025-11-18,5812,416.13,8,52.02
CUST00028,2025-11-18,5999,647.5,18,35.97
CUST00028,2025-11-18,5311,2918.95,30,97.3
CUST00029,2025-11-18,5999,787.59,17,46.33
CUST00029,2025-11-18,5814,276.67,5,55.33
CUST00029,2025-11-18,5311,147.97,3,49.32
CUST00029,2025-11-18,5912,1300.12,34,38.24
CUST00030,2025-11-18,5812,958.96,7,136.99
CUST00030,2025-11-18,5814,518.37,19,27.28
CUST00030,2025-11-18,5732,328.55,5,65.71
CUST00031,2025-11-18,5912,2989.83,48,62.29
CUST00032,2025-11-18,5999,845.12,10,84.51
CUST00032,2025-11-18,5411,1056.44,22,48.02
CUST00033,2025-11-18,5732,405.56,8,50.69
CUST00034,2025-11-18,5311,580.48,12,48.37
CUST00035,2025-11-18,5732,161.65,8,20.21
CUST00035,2025-11-18,5311,696.99,1,696.99
CUST00035,2025-11-18,5999,128.75,17,7.57
CUST00036,2025-11-18,5541,896.59,15,59.77
CUST00037,2025-11-18,5812,1236.23,23,53.75
CUST00037,2025-11-18,5411,2752.9,12,229.41
CUST00037,2025-11-18,5311,960.77,12,80.06
CUST00037,2025-11-18,5912,482.87,6,80.48
CUST00037,2025-11-18,5814,211.2,8,26.4
CUST00037,2025-11-18,5999,385.68,8,48.21
CUST00038,2025-11-18,5912,344.05,9,38.23
CUST00038,2025-11-18,5812,832.96,38,21.92
CUST00039,2025-11-18,5311,2665.16,39,68.34
CUST00039,2025-11-18,5814,788.72,1,788.72
CUST00039,2025-11-18,5411,192.9,15,12.86
CUST00040,2025-11-18,5814,444.08,9,49.34
CUST00040,2025-11-18,5999,121.59,16,7.6
CUST00040,2025-11-18,5912,999.73,5,199.95
CUST00040,2025-11-18,5732,2315.3,46,50.33
CUST00040,2025-11-18,5541,1626.36,30,54.21
CUST00041,2025-11-18,5311,390.25,2,195.13
CUST00041,2025-11-18,5814,502.4,2,251.2
CUST00041,2025-11-18,5812,1879.77,10,187.98
CUST00041,2025-11-18,5999,177.31,17,10.43
CUST00041,2025-11-18,5912,795.43,15,53.03
CUST00041,2025-11-18,5732,252.32,11,22.94
CUST00042,2025-11-18,5411,908.95,19,47.84
CUST00042,2025-11-18,5541,478.36,6,79.73
CUST00042,2025-11-18,5311,2873.8,26,110.53
CUST00042,2025-11-18,5732,517.51,17,30.44
CUST00042,2025-11-18,5912,981.03,5,196.21
CUST00042,2025-11-18,5812,248.67,13,19.13
CUST00043,2025-11-18,5732,658.83,16,41.18
CUST00043,2025-11-18,5812,880.6,3,293.53
CUST00043,2025-11-18,5999,621.84,18,34.55
CUST00044,2025-11-18,5814,164.6,6,27.43
CUST00044,2025-11-18,5411,396.06,14,28.29
CUST00044,2025-11-18,5912,355.5,13,27.35
CUST00045,2025-11-18,5812,130.29,1,130.29
CUST00045,2025-11-18,5999,559.76,15,37.32
CUST00046,2025-11-18,5814,727.68,19,38.3
CUST00046,2025-11-18,5541,1618.53,27,59.95
CUST00046,2025-11-18,5732,149.63,15,9.98
CUST00046,2025-11-18,5411,1305.2,48,27.19
CUST00046,2025-11-18,5311,271.56,12,22.63
CUST00046,2025-11-18,5999,387.35,4,96.84
CUST00047,2025-11-18,5912,370.57,9,41.17
CUST00048,2025-11-18,5732,882.15,30,29.4
CUST00048,2025-11-18,5999,858.28,4,214.57
CUST00048,2025-11-18,5311,126.22,9,14.02
CUST00048,2025-11-18,5411,712.11,8,89.01
CUST00049,2025-11-18,5411,2171.61,47,46.2
CUST00049,2025-11-18,5814,1691.55,17,99.5
CUST00049,2025-11-18,5732,1309.2,35,37.41
CUST00049,2025-11-18,5912,749.43,1,749.43
CUST00049,2025-11-18,5541,630.09,1,630.09
CUST00049,2025-11-18,5311,530.8,5,106.16
CUST00050,2025-11-18,5814,990.46,10,99.05
CUST00050,2025-11-18,5912,133.47,2,66.74
CUST00050,2025-11-18,5999,772.22,9,85.8
CUST00050,2025-11-18,5812,441.25,6,73.54
CUST00051,2025-11-18,5814,3449.86,53,65.09
CUST00051,2025-11-18,5541,735.52,8,91.94
CUST00051,2025-11-18,5812,836.54,8,104.57
CUST00051,2025-11-18,5912,910.66,44,20.7
CUST00051,2025-11-18,5999,2769.67,35,79.13
CUST00051,2025-11-18,5732,422.82,10,42.28
CUST00052,2025-11-18,5812,904.6,17,53.21
CUST00052,2025-11-18,5912,113.29,14,8.09
CUST00052,2025-11-18,5999,161.05,7,23.01
CUST00052,2025-11-18,5311,2234.29,17,131.43
CUST00052,2025-11-18,5411,639.07,15,42.6
CUST00052,2025-11-18,5732,594.49,7,84.93
CUST00053,2025-11-18,5812,591.4,4,147.85
CUST00053,2025-11-18,5999,6291.85,57,110.38
CUST00053,2025-11-18,5541,171.11,13,13.16
CUST00053,2025-11-18,5814,192.42,8,24.05
CUST00053,2025-11-18,5732,783.29,12,65.27
CUST00054,2025-11-18,5912,961.12,11,87.37
CUST00054,2025-11-18,5411,430.81,6,71.8
CUST00054,2025-11-18,5812,634.2,14,45.3
CUST00055,2025-11-18,5999,8320.68,87,95.64
CUST00055,2025-11-18,5311,782.68,10,78.27
CUST00056,2025-11-18,5311,2962.1,46,64.39
CUST00056,2025-11-18,5999,2674.74,10,267.47
CUST00057,2025-11-18,5541,1495.42,44,33.99
CUST00057,2025-11-18,5812,926.81,11,84.26
CUST00057,2025-11-18,5999,922.53,2,461.27
CUST00058,2025-11-18,5311,394.27,1,394.27
CUST00058,2025-11-18,5732,680.36,18,37.8
CUST00058,2025-11-18,5411,191.23,9,21.25
CUST00059,2025-11-18,5311,249.41,19,13.13
CUST00059,2025-11-18,5812,2062.44,38,54.27
CUST00059,2025-11-18,5814,586.6,16,36.66
CUST00059,2025-11-18,5541,728.36,14,52.03
CUST00059,2025-11-18,5411,430.72,17,25.34
CUST00059,2025-11-18,5732,222.83,4,55.71
CUST00060,2025-11-18,5411,74.12,1,74.12
CUST00060,2025-11-18,5999,873.64,18,48.54
CUST00060,2025-11-18,5912,269.52,3,89.84
CUST00060,2025-11-18,5732,148.9,8,18.61
CUST00060,2025-11-18,5812,1891.8,42,45.04
CUST00061,2025-11-18,5732,132.58,16,8.29
CUST00061,2025-11-18,5812,247.49,1,247.49
CUST00062,2025-11-18,5311,1148.56,20,57.43
CUST00062,2025-11-18,5912,839.12,12,69.93
CUST00062,2025-11-18,5812,464.32,9,51.59
CUST00063,2025-11-18,5814,497.51,14,35.54
CUST00063,2025-11-18,5912,71.35,18,3.96
CUST00063,2025-11-18,5411,713.9,8,89.24
CUST00063,2025-11-18,5732,182.39,9,20.27
CUST00064,2025-11-18,5541,831.45,11,75.59
CUST00064,2025-11-18,5732,597.69,10,59.77
CUST00064,2025-11-18,5311,434.99,17,25.59
CUST00065,2025-11-18,5311,4005.85,59,67.9
CUST00065,2025-11-18,5541,594.63,7,84.95
CUST00065,2025-11-18,5411,915.71,11,83.25
CUST00065,2025-11-18,5912,2427.46,45,53.94
CUST00065,2025-11-18,5814,324.26,11,29.48
CUST00065,2025-11-18,5732,735.46,17,43.26
CUST00066,2025-11-18,5541,615.32,19,32.39
CUST00066,2025-11-18,5311,196.94,13,15.15
CUST00066,2025-11-18,5411,151.27,2,75.63
CUST00067,2025-11-18,5999,122.14,7,17.45
CUST00068,2025-11-18,5411,137.0,5,27.4
CUST00068,2025-11-18,5814,2226.4,19,117.18
CUST00069,2025-11-18,5812,2622.99,25,104.92
CUST00070,2025-11-18,5912,608.85,10,60.89
CUST00071,2025-11-18,5999,232.97,9,25.89
CUST00072,2025-11-18,5411,592.52,48,12.34
CUST00072,2025-11-18,5999,582.64,3,194.21
CUST00073,2025-11-18,5912,349.53,7,49.93
CUST00073,2025-11-18,5411,644.6,13,49.58
CUST00073,2025-11-18,5814,561.0,11,51.0
CUST00073,2025-11-18,5999,1822.34,22,82.83
CUST00073,2025-11-18,5311,523.71,48,10.91
CUST00074,2025-11-18,5541,2733.59,29,94.26
CUST00074,2025-11-18,5812,745.66,5,149.13
CUST00074,2025-11-18,5311,386.89,13,29.76
CUST00074,2025-11-18,5999,729.78,4,182.44
CUST00074,2025-11-18,5814,66.98,16,4.19
CUST00075,2025-11-18,5732,2955.83,15,197.06
CUST00075,2025-11-18,5812,2972.96,22,135.13
CUST00075,2025-11-18,5541,2856.83,17,168.05
CUST00075,2025-11-18,5999,537.05,19,28.27
CUST00075,2025-11-18,5912,414.89,2,207.44
CUST00075,2025-11-18,5814,834.9,3,278.3
CUST00076,2025-11-18,5999,539.49,10,53.95
CUST00076,2025-11-18,5814,196.2,17,11.54
CUST00076,2025-11-18,5812,1982.35,34,58.3
CUST00076,2025-11-18,5541,484.56,2,242.28
CUST00076,2025-11-18,5311,92.16,9,10.24
CUST00077,2025-11-18,5311,54.83,15,3.66
CUST00077,2025-11-18,5814,521.08,16,32.57
CUST00078,2025-11-18,5812,506.56,13,38.97
CUST00078,2025-11-18,5541,380.42,3,126.81
CUST00078,2025-11-18,5912,303.68,13,23.36
CUST00078,2025-11-18,5411,1113.21,49,22.72
CUST00078,2025-11-18,5311,722.94,16,45.18
CUST00078,2025-11-18,5814,2046.53,45,45.48
CUST00079,2025-11-18,5912,172.43,10,17.24
CUST00079,2025-11-18,5814,202.72,7,28.96
CUST00079,2025-11-18,5812,1146.72,38,30.18
CUST00079,2025-11-18,5411,636.08,13,48.93
CUST00079,2025-11-18,5541,1441.74,40,36.04
CUST00079,2025-11-18,5732,790.85,13,60.83
CUST00080,2025-11-18,5814,935.43,15,62.36
CUST00080,2025-11-18,5732,215.07,4,53.77
CUST00080,2025-11-18,5311,7665.38,83,92.35
CUST00080,2025-11-18,5999,499.9,10,49.99
CUST00080,2025-11-18,5411,877.96,18,48.78
CUST00080,2025-11-18,5812,7180.59,55,130.56
CUST00081,2025-11-18,5912,289.88,19,15.26
CUST00081,2025-11-18,5311,309.95,2,154.97
CUST00081,2025-11-18,5812,2635.52,22,119.8
CUST00081,2025-11-18,5411,259.73,11,23.61
CUST00082,2025-11-18,5812,2859.04,38,75.24
CUST00082,2025-11-18,5411,772.09,6,128.68
CUST00083,2025-11-18,5311,2287.31,34,67.27
CUST00083,2025-11-18,5912,499.55,12,41.63
CUST00083,2025-11-18,5732,727.91,26,28.0
CUST00083,2025-11-18,5999,553.84,14,39.56
CUST00083,2025-11-18,5812,80.9,12,6.74
CUST00084,2025-11-18,5311,285.16,12,23.76
CUST00084,2025-11-18,5732,517.01,16,32.31
CUST00084,2025-11-18,5912,807.68,2,403.84
CUST00084,2025-11-18,5814,192.1,13,14.78
CUST00085,2025-11-18,5311,5844.06,30,194.8
CUST00085,2025-11-18,5732,147.65,17,8.69
CUST00085,2025-11-18,5999,523.94,15,34.93
CUST00085,2025-11-18,5411,581.67,1,581.67
CUST00085,2025-11-18,5541,541.83,1,541.83
CUST00086,2025-11-18,5999,589.16,6,98.19
CUST00087,2025-11-18,5999,901.41,3,300.47
CUST00087,2025-11-18,5732,99.37,9,11.04
CUST00087,2025-11-18,5411,938.44,18,52.14
CUST00087,2025-11-18,5541,1348.63,29,46.5
CUST00087,2025-11-18,5912,1882.5,29,64.91
CUST00087,2025-11-18,5311,88.72,3,29.57
CUST00088,2025-11-18,5411,634.95,13,48.84
CUST00088,2025-11-18,5999,370.05,14,26.43
CUST00088,2025-11-18,5311,203.59,19,10.72
CUST00088,2025-11-18,5732,267.03,19,14.05
CUST00089,2025-11-18,5732,294.8,15,19.65
CUST00090,2025-11-18,5541,1858.25,33,56.31
CUST00090,2025-11-18,5311,466.68,9,51.85
CUST00090,2025-11-18,5999,1994.31,11,181.3
CUST00090,2025-11-18,5814,1459.62,21,69.51
CUST00091,2025-11-18,5311,972.83,14,69.49
CUST00091,2025-11-18,5912,115.68,5,23.14
CUST00092,2025-11-18,5411,140.5,2,70.25
CUST00093,2025-11-18,5732,784.8,1,784.8
CUST00094,2025-11-18,5411,685.92,10,68.59
CUST00094,2025-11-18,5999,286.28,5,57.26
CUST00094,2025-11-18,5814,289.9,1,289.9
CUST00094,2025-11-18,5912,749.58,11,68.14
CUST00095,2025-11-18,5812,987.36,18,54.85
CUST00095,2025-11-18,5311,939.78,5,187.96
CUST00095,2025-11-18,5541,479.59,3,159.86
CUST00095,2025-11-18,5814,2220.52,23,96.54
CUST00095,2025-11-18,5912,966.86,18,53.71
CUST00096,2025-11-18,5732,545.64,15,36.38
CUST00096,2025-11-18,5541,182.67,6,30.44
CUST00096,2025-11-18,5999,186.37,13,14.34
CUST00097,2025-11-18,5311,874.74,6,145.79
CUST00097,2025-11-18,5912,678.55,2,339.28
CUST00098,2025-11-18,5814,782.77,21,37.27
CUST00098,2025-11-18,5999,3725.4,20,186.27
CUST00099,2025-11-18,5912,873.12,9,97.01
CUST00099,2025-11-18,5541,1221.71,22,55.53
CUST00099,2025-11-18,5999,433.93,2,216.97
CUST00099,2025-11-18,5311,466.26,6,77.71
CUST00099,2025-11-18,5812,5484.67,42,130.59
CUST00099,2025-11-18,5411,514.4,16,32.15
CUST00100,2025-11-18,5311,472.2,17,27.78
CUST00101,2025-11-18,5912,543.13,8,67.89
CUST00101,2025-11-18,5411,191.54,12,15.96
CUST00101,2025-11-18,5999,556.92,15,37.13
CUST00101,2025-11-18,5732,571.94,16,35.75
CUST00101,2025-11-18,5814,989.44,30,32.98
CUST00101,2025-11-18,5311,117.72,15,7.85
CUST00102,2025-11-18,5912,511.58,14,36.54
CUST00103,2025-11-18,5411,731.75,4,182.94
CUST00103,2025-11-18,5812,442.87,13,34.07
CUST00103,2025-11-18,5814,167.06,11,15.19
CUST00103,2025-11-18,5311,2272.62,40,56.82
CUST00103,2025-11-18,5732,225.97,10,22.6
CUST00104,2025-11-18,5541,621.53,13,47.81
CUST00104,2025-11-18,5812,8349.95,28,298.21
CUST00104,2025-11-18,5732,905.02,10,90.5
CUST00104,2025-11-18,5311,336.96,5,67.39
CUST00105,2025-11-18,5732,195.33,18,10.85
CUST00105,2025-11-18,5311,869.66,12,72.47
CUST00105,2025-11-18,5541,219.52,17,12.91
CUST00106,2025-11-18,5732,310.81,2,155.41
CUST00106,2025-11-18,5912,434.1,18,24.12
CUST00106,2025-11-18,5411,738.29,7,105.47
CUST00106,2025-11-18,5812,148.9,14,10.64
CUST00106,2025-11-18,5814,2431.56,48,50.66
CUST00107,2025-11-18,5311,387.25,6,64.54
CUST00107,2025-11-18,5812,840.27,17,49.43
CUST00107,2025-11-18,5912,272.03,12,22.67
CUST00107,2025-11-18,5541,613.17,6,102.2
CUST00108,2025-11-18,5411,678.75,12,56.56
CUST00108,2025-11-18,5311,474.03,2,237.02
CUST00108,2025-11-18,5814,134.33,12,11.19
CUST00109,2025-11-18,5541,2162.28,25,86.49
CUST00109,2025-11-18,5912,5194.53,42,123.68
CUST00109,2025-11-18,5999,750.32,5,150.06
CUST00109,2025-11-18,5311,1802.39,39,46.22
CUST00109,2025-11-18,5812,798.51,18,44.36
CUST00110,2025-11-18,5541,374.59,18,20.81
CUST00111,2025-11-18,5311,2001.49,35,57.19
CUST00112,2025-11-18,5732,2069.88,27,76.66
CUST00112,2025-11-18,5311,874.65,10,87.47
CUST00112,2025-11-18,5812,702.3,23,30.53
CUST00112,2025-11-18,5411,196.1,2,98.05
CUST00112,2025-11-18,5999,976.83,14,69.77
CUST00112,2025-11-18,5814,175.9,2,87.95
CUST00113,2025-11-18,5732,955.16,3,318.39
CUST00113,2025-11-18,5541,670.43,43,15.59
CUST00113,2025-11-18,5311,964.96,15,64.33
CUST00113,2025-11-18,5812,939.63,13,72.28
CUST00113,2025-11-18,5814,500.83,15,33.39
CUST00113,2025-11-18,5912,667.69,2,333.85
CUST00114,2025-11-18,5912,766.54,11,69.69
CUST00114,2025-11-18,5411,984.49,15,65.63
CUST00114,2025-11-18,5999,120.9,3,40.3
CUST00115,2025-11-18,5732,2059.74,38,54.2
CUST00115,2025-11-18,5812,738.1,7,105.44
CUST00115,2025-11-18,5311,1419.4,44,32.26
CUST00115,2025-11-18,5411,218.04,14,15.57
CUST00116,2025-11-18,5999,603.04,15,40.2
CUST00116,2025-11-18,5411,638.0,7,91.14
CUST00116,2025-11-18,5541,647.83,18,35.99
CUST00116,2025-11-18,5311,961.6,5,192.32
CUST00116,2025-11-18,5812,302.56,3,100.85
CUST00117,2025-11-18,5411,1690.05,27,62.59
CUST00117,2025-11-18,5541,422.77,6,70.46
CUST00117,2025-11-18,5912,2146.73,26,82.57
CUST00118,2025-11-18,5912,488.4,8,61.05
CUST00119,2025-11-18,5999,192.66,13,14.82
CUST00119,2025-11-18,5814,619.58,46,13.47
CUST00119,2025-11-18,5732,676.08,11,61.46
CUST00120,2025-11-18,5311,992.01,14,70.86
CUST00120,2025-11-18,5812,4838.73,47,102.95
CUST00120,2025-11-18,5912,677.29,5,135.46
CUST00121,2025-11-18,5812,59.91,18,3.33
CUST00121,2025-11-18,5814,785.9,4,196.48
CUST00122,2025-11-18,5541,158.26,8,19.78
CUST00123,2025-11-18,5912,263.38,18,14.63
CUST00123,2025-11-18,5411,467.43,14,33.39
CUST00123,2025-11-18,5814,237.6,12,19.8
CUST00123,2025-11-18,5541,2178.64,44,49.51
CUST00123,2025-11-18,5812,854.19,7,122.03
CUST00124,2025-11-18,5541,951.49,16,59.47
CUST00125,2025-11-18,5999,152.55,18,8.47
CUST00125,2025-11-18,5732,252.84,18,14.05
CUST00125,2025-11-18,5812,746.16,12,62.18
CUST00126,2025-11-18,5999,598.31,7,85.47
CUST00126,2025-11-18,5912,1653.89,17,97.29
CUST00126,2025-11-18,5812,754.63,1,754.63
CUST00127,2025-11-18,5311,635.19,14,45.37
CUST00127,2025-11-18,5814,406.5,9,45.17
CUST00127,2025-11-18,5912,54.97,4,13.74
CUST00128,2025-11-18,5541,2390.66,20,119.53
CUST00128,2025-11-18,5732,2990.84,28,106.82
CUST00129,2025-11-18,5541,441.99,6,73.67
CUST00129,2025-11-18,5411,638.61,10,63.86
CUST00129,2025-11-18,5814,138.34,13,10.64
CUST00129,2025-11-18,5812,534.6,4,133.65
CUST00130,2025-11-18,5411,622.04,18,34.56
CUST00130,2025-11-18,5541,523.34,19,27.54
CUST00130,2025-11-18,5912,758.63,13,58.36
CUST00131,2025-11-18,5311,462.32,17,27.2
CUST00131,2025-11-18,5812,618.31,17,36.37
CUST00132,2025-11-18,5732,521.36,4,130.34
CUST00132,2025-11-18,5814,439.41,15,29.29
CUST00132,2025-11-18,5912,2875.78,18,159.77
CUST00133,2025-11-18,5311,1795.2,15,119.68
CUST00133,2025-11-18,5814,296.33,19,15.6
CUST00133,2025-11-18,5541,408.07,19,21.48
CUST00133,2025-11-18,5912,463.42,17,27.26
CUST00133,2025-11-18,5812,701.5,35,20.04
CUST00134,2025-11-18,5814,178.59,12,14.88
CUST00134,2025-11-18,5732,533.51,45,11.86
CUST00135,2025-11-18,5814,1428.02,25,57.12
CUST00135,2025-11-18,5411,304.73,13,23.44
CUST00135,2025-11-18,5732,81.93,4,20.48
CUST00135,2025-11-18,5541,182.28,11,16.57
CUST00136,2025-11-18,5311,939.98,16,58.75
CUST00136,2025-11-18,5732,798.33,12,66.53
CUST00136,2025-11-18,5912,982.23,5,196.45
CUST00136,2025-11-18,5999,738.9,3,246.3
CUST00137,2025-11-18,5732,878.12,42,20.91
CUST00137,2025-11-18,5812,134.4,10,13.44
CUST00137,2025-11-18,5999,547.22,1,547.22
CUST00137,2025-11-18,5311,433.78,2,216.89
CUST00137,2025-11-18,5912,722.44,7,103.21
CUST00138,2025-11-18,5541,255.29,16,15.96
CUST00139,2025-11-18,5411,979.16,10,97.92
CUST00139,2025-11-18,5814,1146.55,41,27.96
CUST00140,2025-11-18,5411,885.6,15,59.04
CUST00140,2025-11-18,5732,2962.47,49,60.46
CUST00140,2025-11-18,5541,735.38,34,21.63
CUST00140,2025-11-18,5814,561.77,12,46.81
CUST00141,2025-11-18,5311,6186.64,31,199.57
CUST00141,2025-11-18,5732,598.71,9,66.52
CUST00141,2025-11-18,5812,426.17,9,47.35
CUST00141,2025-11-18,5814,1894.55,29,65.33
CUST00142,2025-11-18,5999,583.46,10,58.35
CUST00142,2025-11-18,5411,194.5,16,12.16
CUST00143,2025-11-18,5732,1544.4,10,154.44
CUST00143,2025-11-18,5812,1307.53,22,59.43
CUST00143,2025-11-18,5411,3297.87,78,42.28
CUST00143,2025-11-18,5999,551.03,3,183.68
CUST00144,2025-11-18,5814,2275.61,15,151.71
CUST00145,2025-11-18,5912,885.83,3,295.28
CUST00145,2025-11-18,5311,726.41,16,45.4
CUST00145,2025-11-18,5814,1550.3,30,51.68
CUST00145,2025-11-18,5732,2372.07,27,87.85
CUST00146,2025-11-18,5814,2348.24,29,80.97
CUST00147,2025-11-18,5311,709.44,3,236.48
CUST00147,2025-11-18,5814,392.36,6,65.39
CUST00148,2025-11-18,5311,647.73,44,14.72
CUST00148,2025-11-18,5814,2176.83,15,145.12
CUST00148,2025-11-18,5999,474.7,2,237.35
CUST00148,2025-11-18,5812,412.53,4,103.13
CUST00148,2025-11-18,5912,977.96,19,51.47
CUST00149,2025-11-18,5732,2931.94,28,104.71
CUST00149,2025-11-18,5814,545.02,37,14.73
CUST00149,2025-11-18,5812,2681.88,28,95.78
CUST00149,2025-11-18,5311,164.23,6,27.37
CUST00149,2025-11-18,5912,279.8,17,16.46
CUST00149,2025-11-18,5411,618.44,14,44.17
CUST00150,2025-11-18,5732,9912.23,60,165.2
CUST00150,2025-11-18,5812,277.53,16,17.35
CUST00150,2025-11-18,5311,1169.44,44,26.58
CUST00151,2025-11-18,5814,914.15,9,101.57
CUST00151,2025-11-18,5541,111.45,17,6.56
CUST00151,2025-11-18,5411,1576.07,32,49.25
CUST00151,2025-11-18,5999,491.21,12,40.93
CUST00151,2025-11-18,5912,897.9,19,47.26
CUST00151,2025-11-18,5311,950.7,8,118.84
CUST00152,2025-11-18,5812,415.29,4,103.82
CUST00152,2025-11-18,5311,953.0,12,79.42
CUST00152,2025-11-18,5912,530.95,9,58.99
CUST00152,2025-11-18,5814,896.91,6,149.48
CUST00152,2025-11-18,5541,623.87,12,51.99
CUST00152,2025-11-18,5732,1626.16,10,162.62
CUST00153,2025-11-18,5732,560.16,13,43.09
CUST00153,2025-11-18,5812,591.8,17,34.81
CUST00153,2025-11-18,5814,812.46,7,116.07
CUST00153,2025-11-18,5999,328.81,10,32.88
CUST00153,2025-11-18,5311,1211.41,46,26.33
CUST00154,2025-11-18,5812,92.61,11,8.42
CUST00155,2025-11-18,5999,2186.52,21,104.12
CUST00155,2025-11-18,5812,956.33,7,136.62
CUST00155,2025-11-18,5541,2409.08,65,37.06
CUST00156,2025-11-18,5912,483.42,1,483.42
CUST00156,2025-11-18,5541,616.51,19,32.45
CUST00156,2025-11-18,5732,117.46,17,6.91
CUST00156,2025-11-18,5812,762.36,15,50.82
CUST00156,2025-11-18,5999,664.13,9,73.79
CUST00157,2025-11-18,5999,737.77,3,245.92
CUST00157,2025-11-18,5411,553.49,2,276.75
CUST00157,2025-11-18,5311,2093.65,21,99.7
CUST00158,2025-11-18,5812,255.25,17,15.01
CUST00158,2025-11-18,5814,853.32,6,142.22
CUST00158,2025-11-18,5732,433.7,18,24.09
CUST00158,2025-11-18,5912,341.0,9,37.89
CUST00158,2025-11-18,5411,1460.6,43,33.97
CUST00158,2025-11-18,5311,920.8,12,76.73
CUST00159,2025-11-18,5912,663.45,5,132.69
CUST00159,2025-11-18,5999,378.58,1,378.58
CUST00159,2025-11-18,5732,663.53,10,66.35
CUST00160,2025-11-18,5732,1899.22,21,90.44
CUST00160,2025-11-18,5812,183.53,17,10.8
CUST00160,2025-11-18,5999,965.82,3,321.94
CUST00160,2025-11-18,5411,79.41,14,5.67
CUST00161,2025-11-18,5912,843.71,5,168.74
CUST00161,2025-11-18,5999,500.31,5,100.06
CUST00161,2025-11-18,5732,835.37,18,46.41
CUST00162,2025-11-18,5912,981.1,4,245.28
CUST00163,2025-11-18,5999,1148.34,43,26.71
CUST00164,2025-11-18,5814,601.44,1,601.44
CUST00164,2025-11-18,5912,193.0,3,64.33
CUST00164,2025-11-18,5541,2336.44,26,89.86
CUST00165,2025-11-18,5732,501.77,5,100.35
CUST00165,2025-11-18,5999,175.75,19,9.25
CUST00166,2025-11-18,5999,2485.53,14,177.54
CUST00166,2025-11-18,5411,82.74,14,5.91
CUST00166,2025-11-18,5311,9847.9,45,218.84
CUST00167,2025-11-18,5732,625.47,15,41.7
CUST00167,2025-11-18,5411,2663.94,26,102.46
CUST00167,2025-11-18,5541,2516.47,13,193.57
CUST00167,2025-11-18,5311,106.5,9,11.83
CUST00168,2025-11-18,5812,2928.83,22,133.13
CUST00168,2025-11-18,5732,774.47,16,48.4
CUST00168,2025-11-18,5541,2231.33,12,185.94
CUST00168,2025-11-18,5999,828.81,16,51.8
CUST00168,2025-11-18,5912,250.17,3,83.39
CUST00169,2025-11-18,5732,91.95,7,13.14
CUST00170,2025-11-18,5541,853.63,1,853.63
CUST00170,2025-11-18,5812,429.15,8,53.64
CUST00170,2025-11-18,5999,1517.77,13,116.75
CUST00170,2025-11-18,5912,571.67,3,190.56
CUST00171,2025-11-18,5912,697.66,16,43.6
CUST00171,2025-11-18,5541,804.79,2,402.39
CUST00171,2025-11-18,5814,2275.28,11,206.84
CUST00171,2025-11-18,5411,316.95,2,158.48
CUST00171,2025-11-18,5812,9248.89,74,124.98
CUST00171,2025-11-18,5311,264.73,7,37.82
CUST00172,2025-11-18,5812,733.8,17,43.16
CUST00173,2025-11-18,5411,831.41,14,59.39
CUST00173,2025-11-18,5541,857.19,13,65.94
CUST00173,2025-11-18,5311,1210.69,40,30.27
CUST00173,2025-11-18,5732,735.64,2,367.82
CUST00173,2025-11-18,5912,351.71,17,20.69
CUST00173,2025-11-18,5999,312.36,18,17.35
CUST00174,2025-11-18,5541,2566.79,20,128.34
CUST00174,2025-11-18,5999,850.58,9,94.51
CUST00174,2025-11-18,5732,911.84,4,227.96
CUST00174,2025-11-18,5912,1443.3,15,96.22
CUST00174,2025-11-18,5814,1734.54,32,54.2
CUST00174,2025-11-18,5812,182.16,10,18.22
CUST00175,2025-11-18,5812,150.1,9,16.68
CUST00175,2025-11-18,5999,1400.13,26,53.85
CUST00175,2025-11-18,5311,1644.25,44,37.37
CUST00175,2025-11-18,5411,782.24,14,55.87
CUST00175,2025-11-18,5912,779.19,7,111.31
CUST00176,2025-11-18,5311,1039.35,31,33.53
CUST00176,2025-11-18,5541,84.14,13,6.47
CUST00177,2025-11-18,5411,494.75,8,61.84
CUST00178,2025-11-18,5812,536.73,19,28.25
CUST00179,2025-11-18,5732,434.08,3,144.69
CUST00179,2025-11-18,5541,883.76,11,80.34
CUST00179,2025-11-18,5311,774.19,6,129.03
CUST00179,2025-11-18,5999,784.28,16,49.02
CUST00179,2025-11-18,5411,169.27,12,14.11
CUST00180,2025-11-18,5311,752.08,1,752.08
CUST00180,2025-11-18,5999,51.29,12,4.27
CUST00180,2025-11-18,5732,570.96,4,142.74
CUST00180,2025-11-18,5814,2746.4,41,66.99
CUST00180,2025-11-18,5411,1017.74,17,59.87
CUST00181,2025-11-18,5814,106.73,15,7.12
CUST00181,2025-11-18,5311,959.9,4,239.98
CUST00181,2025-11-18,5812,2127.39,41,51.89
CUST00182,2025-11-18,5814,901.27,10,90.13
CUST00182,2025-11-18,5812,867.41,28,30.98
CUST00182,2025-11-18,5541,2185.33,40,54.63
CUST00183,2025-11-18,5812,1743.28,14,124.52
CUST00183,2025-11-18,5732,960.04,1,960.04
CUST00183,2025-11-18,5541,386.55,15,25.77
CUST00184,2025-11-18,5411,207.46,3,69.15
CUST00184,2025-11-18,5541,902.79,12,75.23
CUST00185,2025-11-18,5999,153.45,6,25.57
CUST00185,2025-11-18,5311,436.34,16,27.27
CUST00185,2025-11-18,5912,1148.85,21,54.71
CUST00185,2025-11-18,5812,217.29,19,11.44
CUST00186,2025-11-18,5814,6171.68,62,99.54
CUST00186,2025-11-18,5411,2635.55,22,119.8
CUST00186,2025-11-18,5541,2101.54,39,53.89
CUST00186,2025-11-18,5732,783.05,18,43.5
CUST00186,2025-11-18,5999,843.64,9,93.74
CUST00186,2025-11-18,5311,1071.69,37,28.96
CUST00187,2025-11-18,5411,899.91,3,299.97
CUST00187,2025-11-18,5814,324.44,4,81.11
CUST00187,2025-11-18,5912,993.59,2,496.8
CUST00188,2025-11-18,5814,6976.32,97,71.92
CUST00189,2025-11-18,5411,9345.91,45,207.69
CUST00189,2025-11-18,5912,847.83,10,84.78
CUST00189,2025-11-18,5812,938.05,10,93.81
CUST00189,2025-11-18,5541,1578.45,38,41.54
CUST00189,2025-11-18,5311,1791.75,30,59.72
CUST00190,2025-11-18,5812,8104.87,40,202.62
CUST00190,2025-11-18,5411,3489.09,27,129.23
CUST00191,2025-11-18,5732,885.52,15,59.03
CUST00191,2025-11-18,5541,820.33,15,54.69
CUST00191,2025-11-18,5411,2434.77,43,56.62
CUST00192,2025-11-18,5912,85.69,13,6.59
CUST00192,2025-11-18,5814,50.01,9,5.56
CUST00193,2025-11-18,5814,59.59,6,9.93
CUST00194,2025-11-18,5311,445.15,15,29.68
CUST00194,2025-11-18,5411,1313.24,39,33.67
CUST00194,2025-11-18,5812,813.39,23,35.36
CUST00194,2025-11-18,5732,816.36,15,54.42
CUST00195,2025-11-18,5812,69.64,10,6.96
CUST00195,2025-11-18,5311,305.4,9,33.93
CUST00195,2025-11-18,5541,621.48,17,36.56
CUST00195,2025-11-18,5999,147.39,5,29.48
CUST00195,2025-11-18,5411,400.82,19,21.1
CUST00195,2025-11-18,5814,950.49,49,19.4
CUST00196,2025-11-18,5999,235.48,9,26.16
CUST00196,2025-11-18,5541,681.89,6,113.65
CUST00196,2025-11-18,5311,716.11,17,42.12
CUST00197,2025-11-18,5999,415.14,4,103.78
CUST00197,2025-11-18,5812,60.85,3,20.28
CUST00197,2025-11-18,5541,2780.11,80,34.75
CUST00197,2025-11-18,5912,720.88,19,37.94
CUST00198,2025-11-18,5999,2881.17,44,65.48
CUST00199,2025-11-18,5912,677.23,46,14.72
CUST00199,2025-11-18,5311,858.15,3,286.05
CUST00199,2025-11-18,5732,907.04,25,36.28
CUST00200,2025-11-18,5812,367.35,6,61.22
CUST00201,2025-11-18,5814,693.66,19,36.51
CUST00202,2025-11-18,5541,791.95,14,56.57
CUST00202,2025-11-18,5311,1194.63,29,41.19
CUST00202,2025-11-18,5814,918.99,10,91.9
CUST00203,2025-11-18,5311,750.99,9,83.44
CUST00203,2025-11-18,5541,1799.26,36,49.98
CUST00204,2025-11-18,5732,970.11,6,161.69
CUST00204,2025-11-18,5999,213.51,7,30.5
CUST00204,2025-11-18,5912,1997.61,29,68.88
CUST00205,2025-11-18,5814,478.15,10,47.82
CUST00205,2025-11-18,5411,347.26,6,57.88
CUST00205,2025-11-18,5999,872.79,2,436.4
CUST00205,2025-11-18,5912,2030.65,19,106.88
CUST00206,2025-11-18,5411,2068.72,37,55.91
CUST00206,2025-11-18,5814,290.45,7,41.49
CUST00206,2025-11-18,5812,259.46,1,259.46
CUST00207,2025-11-18,5541,895.55,3,298.52
CUST00208,2025-11-18,5812,609.98,19,32.1
CUST00208,2025-11-18,5732,279.92,9,31.1
CUST00208,2025-11-18,5541,625.05,32,19.53
CUST00208,2025-11-18,5814,1036.02,42,24.67
CUST00208,2025-11-18,5912,915.61,16,57.23
CUST00209,2025-11-18,5999,366.38,16,22.9
CUST00209,2025-11-18,5814,2831.78,45,62.93
CUST00209,2025-11-18,5912,427.58,14,30.54
CUST00210,2025-11-18,5732,1334.02,34,39.24
CUST00210,2025-11-18,5814,7331.7,56,130.92
CUST00210,2025-11-18,5999,1569.0,47,33.38
CUST00210,2025-11-18,5812,939.47,11,85.41
CUST00210,2025-11-18,5912,525.08,2,262.54
CUST00210,2025-11-18,5541,1252.62,22,56.94
CUST00211,2025-11-18,5812,2810.07,10,281.01
CUST00211,2025-11-18,5732,797.2,5,159.44
CUST00211,2025-11-18,5411,2535.31,12,211.28
CUST00211,2025-11-18,5814,815.55,3,271.85
CUST00211,2025-11-18,5311,287.46,12,23.95
CUST00212,2025-11-18,5814,2523.31,41,61.54
CUST00212,2025-11-18,5999,1079.46,48,22.49
CUST00213,2025-11-18,5812,693.09,5,138.62
CUST00214,2025-11-18,5814,440.54,5,88.11
CUST00215,2025-11-18,5814,539.19,12,44.93
CUST00215,2025-11-18,5812,377.97,1,377.97
CUST00215,2025-11-18,5912,887.58,10,88.76
CUST00215,2025-11-18,5541,150.08,15,10.01
CUST00215,2025-11-18,5411,251.3,9,27.92
CUST00215,2025-11-18,5732,104.85,7,14.98
CUST00216,2025-11-18,5812,457.5,1,457.5
CUST00216,2025-11-18,5411,441.27,10,44.13
CUST00216,2025-11-18,5814,1529.9,43,35.58
CUST00216,2025-11-18,5732,2241.57,22,101.89
CUST00216,2025-11-18,5999,185.7,7,26.53
CUST00216,2025-11-18,5912,158.57,7,22.65
CUST00217,2025-11-18,5912,864.44,17,50.85
CUST00217,2025-11-18,5999,582.64,3,194.21
CUST00218,2025-11-18,5814,2608.32,31,84.14
CUST00218,2025-11-18,5912,321.23,19,16.91
CUST00218,2025-11-18,5732,829.57,19,43.66
CUST00218,2025-11-18,5311,492.99,15,32.87
CUST00218,2025-11-18,5411,64.73,8,8.09
CUST00219,2025-11-18,5732,1438.67,27,53.28
CUST00219,2025-11-18,5812,1897.65,38,49.94
CUST00220,2025-11-18,5411,673.89,11,61.26
CUST00220,2025-11-18,5999,2154.21,11,195.84
CUST00220,2025-11-18,5812,784.17,2,392.08
CUST00220,2025-11-18,5732,778.19,4,194.55
CUST00220,2025-11-18,5912,545.02,5,109.0
CUST00221,2025-11-18,5814,679.36,7,97.05
CUST00221,2025-11-18,5912,762.48,6,127.08
CUST00221,2025-11-18,5732,1582.91,12,131.91
CUST00221,2025-11-18,5541,3251.81,81,40.15
CUST00221,2025-11-18,5411,727.14,13,55.93
CUST00221,2025-11-18,5999,348.14,8,43.52
CUST00222,2025-11-18,5732,176.97,2,88.48
CUST00222,2025-11-18,5411,960.57,18,53.37
CUST00222,2025-11-18,5814,556.59,6,92.76
CUST00222,2025-11-18,5311,654.56,3,218.19
CUST00222,2025-11-18,5999,834.62,13,64.2
CUST00223,2025-11-18,5411,830.57,15,55.37
CUST00223,2025-11-18,5814,797.37,6,132.9
CUST00223,2025-11-18,5311,1580.87,42,37.64
CUST00223,2025-11-18,5999,444.48,6,74.08
CUST00223,2025-11-18,5541,1572.46,15,104.83
CUST00224,2025-11-18,5411,737.29,47,15.69
CUST00224,2025-11-18,5814,2503.37,40,62.58
CUST00224,2025-11-18,5999,997.75,3,332.58
CUST00224,2025-11-18,5812,338.83,15,22.59
CUST00224,2025-11-18,5912,71.3,3,23.77
CUST00224,2025-11-18,5732,435.71,19,22.93
CUST00225,2025-11-18,5912,1272.39,41,31.03
CUST00225,2025-11-18,5411,55.08,11,5.01
CUST00225,2025-11-18,5814,1476.48,19,77.71
CUST00225,2025-11-18,5812,470.18,19,24.75
CUST00225,2025-11-18,5541,1923.71,29,66.33
CUST00225,2025-11-18,5732,1354.76,43,31.51
CUST00226,2025-11-18,5999,1982.9,47,42.19
CUST00226,2025-11-18,5912,841.19,11,76.47
CUST00226,2025-11-18,5812,154.56,18,8.59
CUST00226,2025-11-18,5411,2227.21,32,69.6
CUST00226,2025-11-18,5814,116.31,9,12.92
CUST00227,2025-11-18,5732,845.5,17,49.74
CUST00227,2025-11-18,5912,790.15,18,43.9
CUST00227,2025-11-18,5812,480.9,11,43.72
CUST00227,2025-11-18,5814,559.14,6,93.19
CUST00227,2025-11-18,5311,196.01,13,15.08
CUST00227,2025-11-18,5999,660.45,6,110.07
CUST00228,2025-11-18,5732,626.5,17,36.85
CUST00228,2025-11-18,5912,6774.21,81,83.63
CUST00228,2025-11-18,5411,699.28,15,46.62
CUST00228,2025-11-18,5814,997.38,9,110.82
CUST00228,2025-11-18,5311,706.65,10,70.67
CUST00228,2025-11-18,5999,943.73,8,117.97
CUST00229,2025-11-18,5812,859.92,17,50.58
CUST00229,2025-11-18,5732,2473.52,20,123.68
CUST00229,2025-11-18,5411,501.2,2,250.6
CUST00229,2025-11-18,5541,121.08,10,12.11
CUST00229,2025-11-18,5311,986.04,3,328.68
CUST00230,2025-11-18,5912,690.29,4,172.57
CUST00231,2025-11-18,5411,837.85,2,418.92
CUST00231,2025-11-18,5814,1696.24,14,121.16
CUST00231,2025-11-18,5311,2060.0,33,62.42
CUST00231,2025-11-18,5541,469.66,17,27.63
CUST00232,2025-11-18,5541,569.88,16,35.62
CUST00232,2025-11-18,5814,612.4,24,25.52
CUST00233,2025-11-18,5912,517.94,9,57.55
CUST00233,2025-11-18,5732,675.18,19,35.54
CUST00233,2025-11-18,5311,436.46,16,27.28
CUST00233,2025-11-18,5541,445.34,4,111.33
CUST00233,2025-11-18,5812,236.6,8,29.57
CUST00234,2025-11-18,5311,971.72,4,242.93
CUST00235,2025-11-18,5311,436.23,13,33.56
CUST00236,2025-11-18,5311,1891.96,21,90.09
CUST00236,2025-11-18,5541,563.09,34,16.56
CUST00236,2025-11-18,5999,609.49,7,87.07
CUST00236,2025-11-18,5812,1441.33,29,49.7
CUST00236,2025-11-18,5411,485.41,4,121.35
CUST00236,2025-11-18,5912,329.25,17,19.37
CUST00237,2025-11-18,5999,492.98,5,98.6
CUST00237,2025-11-18,5411,2401.06,11,218.28
CUST00238,2025-11-18,5999,78.94,11,7.18
CUST00239,2025-11-18,5812,526.21,12,43.85
CUST00239,2025-11-18,5912,860.33,1,860.33
CUST00239,2025-11-18,5732,2199.77,63,34.92
CUST00239,2025-11-18,5999,369.21,9,41.02
CUST00239,2025-11-18,5541,156.01,13,12.0
CUST00240,2025-11-18,5732,763.23,19,40.17
CUST00241,2025-11-18,5732,4544.4,69,65.86
CUST00241,2025-11-18,5541,2438.11,17,143.42
CUST00241,2025-11-18,5999,327.89,11,29.81
CUST00242,2025-11-18,5732,330.87,6,55.15
CUST00242,2025-11-18,5311,890.61,5,178.12
CUST00242,2025-11-18,5411,2908.4,45,64.63
CUST00242,2025-11-18,5912,720.93,17,42.41
CUST00242,2025-11-18,5999,804.76,14,57.48
CUST00243,2025-11-18,5732,964.33,21,45.92
CUST00243,2025-11-18,5311,238.57,4,59.64
CUST00243,2025-11-18,5812,204.65,15,13.64
CUST00243,2025-11-18,5411,476.34,14,34.02
CUST00244,2025-11-18,5999,1235.67,12,102.97
CUST00244,2025-11-18,5814,795.0,16,49.69
CUST00245,2025-11-18,5311,2772.94,21,132.04
CUST00245,2025-11-18,5912,308.05,16,19.25
CUST00245,2025-11-18,5541,375.0,3,125.0
CUST00246,2025-11-18,5912,952.4,15,63.49
CUST00247,2025-11-18,5541,92.99,17,5.47
CUST00247,2025-11-18,5812,602.35,4,150.59
CUST00247,2025-11-18,5814,588.27,3,196.09
CUST00247,2025-11-18,5732,440.31,3,146.77
CUST00247,2025-11-18,5411,128.6,17,7.56
CUST00247,2025-11-18,5912,143.8,5,28.76
CUST00248,2025-11-18,5999,794.33,16,49.65
CUST00248,2025-11-18,5912,675.78,19,35.57
CUST00248,2025-11-18,5411,879.45,12,73.29
CUST00248,2025-11-18,5812,2958.92,37,79.97
CUST00248,2025-11-18,5814,187.09,15,12.47
CUST00249,2025-11-18,5812,391.25,10,39.12
CUST00249,2025-11-18,5311,2739.71,47,58.29
CUST00249,2025-11-18,5912,1320.45,26,50.79
CUST00249,2025-11-18,5541,842.86,17,49.58
CUST00250,2025-11-18,5999,311.97,17,18.35
CUST00250,2025-11-18,5411,695.24,6,115.87
CUST00250,2025-11-18,5812,81.03,2,40.51
CUST00250,2025-11-18,5311,203.16,6,33.86
CUST00250,2025-11-18,5814,365.5,18,20.31
CUST00250,2025-11-18,5541,1544.17,16,96.51
CUST00251,2025-11-18,5812,433.05,3,144.35
CUST00251,2025-11-18,5912,2748.15,26,105.7
CUST00251,2025-11-18,5732,1532.93,45,34.07
CUST00252,2025-11-18,5411,920.51,35,26.3
CUST00252,2025-11-18,5812,1756.07,17,103.3
CUST00253,2025-11-18,5814,653.64,7,93.38
CUST00253,2025-11-18,5912,136.81,3,45.6
CUST00253,2025-11-18,5541,693.57,18,38.53
CUST00254,2025-11-18,5814,2420.32,13,186.18
CUST00254,2025-11-18,5732,852.0,10,85.2
CUST00254,2025-11-18,5411,343.04,9,38.12
CUST00254,2025-11-18,5912,890.14,16,55.63
CUST00254,2025-11-18,5541,56.06,10,5.61
CUST00255,2025-11-18,5812,2866.89,44,65.16
CUST00256,2025-11-18,5999,2220.11,23,96.53
CUST00256,2025-11-18,5411,238.19,9,26.47
CUST00256,2025-11-18,5812,448.86,15,29.92
CUST00256,2025-11-18,5814,212.39,2,106.19
CUST00257,2025-11-18,5732,99.77,9,11.09
CUST00258,2025-11-18,5912,4239.14,83,51.07
CUST00258,2025-11-18,5411,930.57,10,93.06
CUST00258,2025-11-18,5814,595.25,16,37.2
CUST00259,2025-11-18,5912,1410.28,21,67.16
CUST00259,2025-11-18,5411,108.79,2,54.4
CUST00260,2025-11-18,5814,264.78,17,15.58
CUST00260,2025-11-18,5812,3546.0,99,35.82
CUST00260,2025-11-18,5411,877.15,15,58.48
CUST00261,2025-11-18,5814,1040.63,28,37.17
CUST00261,2025-11-18,5541,772.15,5,154.43
CUST00261,2025-11-18,5411,379.23,6,63.21
CUST00261,2025-11-18,5999,212.73,16,13.3
CUST00261,2025-11-18,5732,2242.91,28,80.1
CUST00261,2025-11-18,5812,891.78,4,222.95
CUST00262,2025-11-18,5912,2182.73,29,75.27
CUST00262,2025-11-18,5814,2140.96,29,73.83
CUST00262,2025-11-18,5812,307.11,4,76.78
CUST00262,2025-11-18,5732,472.3,10,47.23
CUST00263,2025-11-18,5311,462.64,2,231.32
CUST00263,2025-11-18,5732,363.77,2,181.89
CUST00263,2025-11-18,5999,662.62,16,41.41
CUST00263,2025-11-18,5411,314.99,11,28.64
CUST00264,2025-11-18,5411,517.62,1,517.62
CUST00264,2025-11-18,5912,249.8,15,16.65
CUST00264,2025-11-18,5814,1779.1,33,53.91
CUST00265,2025-11-18,5912,895.1,10,89.51
CUST00265,2025-11-18,5999,1938.4,11,176.22
CUST00265,2025-11-18,5411,186.23,6,31.04
CUST00266,2025-11-18,5541,667.9,5,133.58
CUST00266,2025-11-18,5912,92.75,18,5.15
CUST00266,2025-11-18,5311,1985.35,35,56.72
CUST00266,2025-11-18,5732,492.07,9,54.67
CUST00266,2025-11-18,5411,849.91,2,424.96
CUST00267,2025-11-18,5912,427.99,14,30.57
CUST00267,2025-11-18,5311,1909.8,29,65.86
CUST00267,2025-11-18,5814,569.36,10,56.94
CUST00267,2025-11-18,5732,2793.17,43,64.96
CUST00268,2025-11-18,5411,8337.53,75,111.17
CUST00268,2025-11-18,5541,633.76,4,158.44
CUST00268,2025-11-18,5812,308.36,13,23.72
CUST00268,2025-11-18,5311,359.53,4,89.88
CUST00269,2025-11-18,5812,2533.59,41,61.79
CUST00269,2025-11-18,5541,1295.66,43,30.13
CUST00269,2025-11-18,5411,795.55,23,34.59
CUST00270,2025-11-18,5814,899.68,8,112.46
CUST00271,2025-11-18,5999,626.78,2,313.39
CUST00271,2025-11-18,5912,140.22,8,17.53
CUST00271,2025-11-18,5814,838.24,11,76.2
CUST00271,2025-11-18,5812,664.53,35,18.99
CUST00272,2025-11-18,5732,612.69,6,102.11
CUST00272,2025-11-18,5999,650.78,1,650.78
CUST00272,2025-11-18,5311,708.75,12,59.06
CUST00272,2025-11-18,5814,1564.84,13,120.37
CUST00273,2025-11-18,5814,1081.35,31,34.88
CUST00273,2025-11-18,5812,965.31,8,120.66
CUST00273,2025-11-18,5999,313.95,11,28.54
CUST00274,2025-11-18,5812,829.06,10,82.91
CUST00275,2025-11-18,5912,819.43,3,273.14
CUST00275,2025-11-18,5732,396.58,15,26.44
CUST00275,2025-11-18,5411,230.44,4,57.61
CUST00275,2025-11-18,5814,552.34,46,12.01
CUST00275,2025-11-18,5999,778.2,13,59.86
CUST00275,2025-11-18,5311,1489.84,13,114.6
CUST00276,2025-11-18,5732,605.32,18,33.63
CUST00277,2025-11-18,5999,675.2,3,225.07
CUST00278,2025-11-18,5812,50.18,19,2.64
CUST00279,2025-11-18,5411,3082.84,41,75.19
CUST00279,2025-11-18,5541,503.55,10,50.35
CUST00279,2025-11-18,5814,431.39,18,23.97
CUST00280,2025-11-18,5311,1037.29,35,29.64
CUST00280,2025-11-18,5541,878.32,18,48.8
CUST00280,2025-11-18,5812,330.69,19,17.4
CUST00280,2025-11-18,5912,587.56,11,53.41
CUST00281,2025-11-18,5311,701.54,46,15.25
CUST00281,2025-11-18,5732,1756.23,48,36.59
CUST00281,2025-11-18,5541,801.84,11,72.89
CUST00281,2025-11-18,5814,1192.67,35,34.08
CUST00281,2025-11-18,5912,2927.35,35,83.64
CUST00281,2025-11-18,5999,623.17,6,103.86
CUST00282,2025-11-18,5814,796.63,5,159.33
CUST00282,2025-11-18,5999,983.4,7,140.49
CUST00282,2025-11-18,5411,588.55,1,588.55
CUST00282,2025-11-18,5912,661.76,2,330.88
CUST00282,2025-11-18,5311,619.49,18,34.42
CUST00282,2025-11-18,5812,2763.85,46,60.08
CUST00283,2025-11-18,5411,809.79,2,404.9
CUST00283,2025-11-18,5912,938.61,12,78.22
CUST00283,2025-11-18,5732,872.98,16,54.56
CUST00283,2025-11-18,5999,644.37,19,33.91
CUST00284,2025-11-18,5999,565.85,10,56.58
CUST00285,2025-11-18,5812,627.88,44,14.27
CUST00285,2025-11-18,5411,954.79,13,73.45
CUST00286,2025-11-18,5912,595.17,8,74.4
CUST00286,2025-11-18,5411,241.75,16,15.11
CUST00286,2025-11-18,5732,143.11,7,20.44
CUST00287,2025-11-18,5541,2842.32,34,83.6
CUST00287,2025-11-18,5814,1114.62,23,48.46
CUST00287,2025-11-18,5999,706.19,11,64.2
CUST00287,2025-11-18,5732,727.85,22,33.08
CUST00287,2025-11-18,5311,364.59,19,19.19
CUST00287,2025-11-18,5912,560.01,41,13.66
CUST00288,2025-11-18,5311,965.0,16,60.31
CUST00289,2025-11-18,5912,681.84,21,32.47
CUST00289,2025-11-18,5541,851.57,11,77.42
CUST00289,2025-11-18,5812,963.54,14,68.82
CUST00289,2025-11-18,5999,1524.18,10,152.42
CUST00289,2025-11-18,5411,1335.48,28,47.7
CUST00289,2025-11-18,5311,2581.53,42,61.46
CUST00290,2025-11-18,5541,486.66,3,162.22
CUST00290,2025-11-18,5814,651.16,16,40.7
CUST00290,2025-11-18,5812,3269.89,91,35.93
CUST00291,2025-11-18,5541,715.69,11,65.06
CUST00291,2025-11-18,5311,614.09,13,47.24
CUST00291,2025-11-18,5999,673.11,1,673.11
CUST00291,2025-11-18,5912,263.37,13,20.26
CUST00291,2025-11-18,5411,73.94,15,4.93
CUST00291,2025-11-18,5814,91.15,18,5.06
CUST00292,2025-11-18,5812,629.6,8,78.7
CUST00292,2025-11-18,5311,916.36,5,183.27
CUST00292,2025-11-18,5999,223.61,9,24.85
CUST00293,2025-11-18,5732,605.59,11,55.05
CUST00293,2025-11-18,5814,652.25,44,14.82
CUST00294,2025-11-18,5814,2726.65,43,63.41
CUST00294,2025-11-18,5541,817.98,19,43.05
CUST00294,2025-11-18,5311,292.96,19,15.42
CUST00295,2025-11-18,5311,608.59,13,46.81
CUST00295,2025-11-18,5912,127.5,9,14.17
CUST00296,2025-11-18,5732,666.91,4,166.73
CUST00296,2025-11-18,5541,328.86,9,36.54
CUST00297,2025-11-18,5812,679.88,15,45.33
CUST00298,2025-11-18,5541,656.56,8,82.07
CUST00298,2025-11-18,5912,180.75,9,20.08
CUST00299,2025-11-18,5814,772.01,9,85.78
CUST00299,2025-11-18,5912,977.73,7,139.68
CUST00299,2025-11-18,5999,405.25,14,28.95
CUST00300,2025-11-18,5732,456.77,13,35.14
CUST00300,2025-11-18,5912,398.61,6,66.44
CUST00300,2025-11-18,5541,662.96,11,60.27
CUST00300,2025-11-18,5999,1808.52,28,64.59
CUST00300,2025-11-18,5812,2487.65,13,191.36
CUST00301,2025-11-18,5732,798.57,19,42.03
CUST00301,2025-11-18,5999,706.01,17,41.53
CUST00301,2025-11-18,5812,881.71,19,46.41
CUST00301,2025-11-18,5814,877.75,13,67.52
CUST00302,2025-11-18,5311,685.89,17,40.35
CUST00302,2025-11-18,5912,340.74,19,17.93
CUST00303,2025-11-18,5411,764.23,7,109.18
CUST00303,2025-11-18,5999,8425.96,78,108.03
CUST00303,2025-11-18,5311,2194.31,17,129.08
CUST00303,2025-11-18,5812,210.42,3,70.14
CUST00304,2025-11-18,5812,1944.57,45,43.21
CUST00304,2025-11-18,5732,487.85,17,28.7
CUST00304,2025-11-18,5814,2597.13,44,59.03
CUST00305,2025-11-18,5912,359.8,14,25.7
CUST00305,2025-11-18,5812,869.37,15,57.96
CUST00305,2025-11-18,5541,286.35,15,19.09
CUST00305,2025-11-18,5814,2943.97,33,89.21
CUST00305,2025-11-18,5999,260.44,17,15.32
CUST00306,2025-11-18,5814,109.97,6,18.33
CUST00306,2025-11-18,5541,119.7,2,59.85
CUST00307,2025-11-18,5812,7189.98,69,104.2
CUST00307,2025-11-18,5541,313.03,17,18.41
CUST00307,2025-11-18,5311,537.23,4,134.31
CUST00307,2025-11-18,5814,345.99,6,57.67
CUST00307,2025-11-18,5999,1441.04,25,57.64
CUST00307,2025-11-18,5732,447.76,9,49.75
CUST00308,2025-11-18,5311,2310.07,42,55.0
CUST00309,2025-11-18,5541,732.78,1,732.78
CUST00310,2025-11-18,5411,422.22,17,24.84
CUST00311,2025-11-18,5812,784.52,15,52.3
CUST00311,2025-11-18,5814,487.7,2,243.85
CUST00312,2025-11-18,5541,1836.65,30,61.22
CUST00312,2025-11-18,5999,1343.33,15,89.56
CUST00312,2025-11-18,5732,2878.49,10,287.85
CUST00313,2025-11-18,5732,910.03,11,82.73
CUST00314,2025-11-18,5999,348.9,17,20.52
CUST00314,2025-11-18,5732,794.0,15,52.93
CUST00314,2025-11-18,5814,359.97,19,18.95
CUST00314,2025-11-18,5311,230.62,18,12.81
CUST00314,2025-11-18,5912,929.69,46,20.21
CUST00315,2025-11-18,5912,159.78,16,9.99
CUST00316,2025-11-18,5814,528.52,7,75.5
CUST00316,2025-11-18,5732,6356.44,97,65.53
CUST00316,2025-11-18,5999,715.89,19,37.68
CUST00316,2025-11-18,5311,528.18,17,31.07
CUST00317,2025-11-18,5814,408.5,19,21.5
CUST00317,2025-11-18,5732,957.87,13,73.68
CUST00317,2025-11-18,5541,2248.99,24,93.71
CUST00317,2025-11-18,5812,853.0,14,60.93
CUST00317,2025-11-18,5311,2050.6,32,64.08
CUST00317,2025-11-18,5999,646.29,3,215.43
CUST00318,2025-11-18,5814,2550.81,16,159.43
CUST00318,2025-11-18,5732,388.16,6,64.69
CUST00318,2025-11-18,5999,704.37,2,352.18
CUST00318,2025-11-18,5541,454.7,17,26.75
CUST00318,2025-11-18,5912,2002.36,21,95.35
CUST00319,2025-11-18,5732,498.89,18,27.72
CUST00320,2025-11-18,5912,860.97,1,860.97
CUST00320,2025-11-18,5999,1005.37,47,21.39
CUST00320,2025-11-18,5814,333.08,14,23.79
CUST00320,2025-11-18,5541,856.48,5,171.3
CUST00321,2025-11-18,5812,728.96,8,91.12
CUST00322,2025-11-18,5541,1003.16,27,37.15
CUST00322,2025-11-18,5912,2880.16,13,221.55
CUST00322,2025-11-18,5999,1285.11,18,71.39
CUST00322,2025-11-18,5411,878.99,5,175.8
CUST00322,2025-11-18,5311,963.47,14,68.82
CUST00323,2025-11-18,5912,459.32,1,459.32
CUST00323,2025-11-18,5999,462.01,3,154.0
CUST00324,2025-11-18,5411,628.16,10,62.82
CUST00324,2025-11-18,5912,418.09,16,26.13
CUST00325,2025-11-18,5812,327.32,14,23.38
CUST00325,2025-11-18,5411,2918.18,12,243.18
CUST00325,2025-11-18,5541,8444.82,33,255.9
CUST00325,2025-11-18,5732,558.85,12,46.57
CUST00325,2025-11-18,5814,683.39,2,341.7
CUST00326,2025-11-18,5732,847.14,17,49.83
CUST00326,2025-11-18,5311,620.24,14,44.3
CUST00326,2025-11-18,5541,1545.73,45,34.35
CUST00326,2025-11-18,5411,666.04,12,55.5
CUST00326,2025-11-18,5912,163.41,4,40.85
CUST00327,2025-11-18,5411,2628.51,36,73.01
CUST00327,2025-11-18,5812,855.17,7,122.17
CUST00327,2025-11-18,5814,207.22,3,69.07
CUST00327,2025-11-18,5311,851.37,24,35.47
CUST00328,2025-11-18,5999,1265.67,44,28.77
CUST00328,2025-11-18,5311,933.66,10,93.37
CUST00328,2025-11-18,5541,555.61,14,39.69
CUST00328,2025-11-18,5814,1256.94,12,104.74
CUST00328,2025-11-18,5912,104.44,12,8.7
CUST00328,2025-11-18,5732,410.75,2,205.38
CUST00329,2025-11-18,5814,1320.96,17,77.7
CUST00329,2025-11-18,5311,515.3,12,42.94
CUST00329,2025-11-18,5912,179.55,11,16.32
CUST00329,2025-11-18,5541,2436.05,17,143.3
CUST00329,2025-11-18,5732,863.2,14,61.66
CUST00329,2025-11-18,5812,2832.17,39,72.62
CUST00330,2025-11-18,5814,1882.04,15,125.47
CUST00331,2025-11-18,5311,509.32,7,72.76
CUST00331,2025-11-18,5411,277.83,12,23.15
CUST00332,2025-11-18,5311,432.19,2,216.1
CUST00332,2025-11-18,5541,466.0,7,66.57
CUST00332,2025-11-18,5732,1483.15,42,35.31
CUST00333,2025-11-18,5411,151.29,8,18.91
CUST00333,2025-11-18,5311,434.03,10,43.4
CUST00333,2025-11-18,5999,6133.02,55,111.51
CUST00333,2025-11-18,5912,855.77,4,213.94
CUST00334,2025-11-18,5411,928.41,12,77.37
CUST00334,2025-11-18,5814,213.32,8,26.66
CUST00335,2025-11-18,5814,2765.58,21,131.69
CUST00335,2025-11-18,5999,2008.03,46,43.65
CUST00335,2025-11-18,5411,424.39,5,84.88
CUST00335,2025-11-18,5541,1954.3,32,61.07
CUST00335,2025-11-18,5732,1843.35,46,40.07
CUST00336,2025-11-18,5311,2401.0,16,150.06
CUST00336,2025-11-18,5541,224.84,15,14.99
CUST00336,2025-11-18,5814,2239.49,20,111.97
CUST00337,2025-11-18,5812,248.64,7,35.52
CUST00337,2025-11-18,5541,374.77,16,23.42
CUST00337,2025-11-18,5411,552.52,40,13.81
CUST00337,2025-11-18,5999,413.03,12,34.42
CUST00337,2025-11-18,5912,132.37,1,132.37
CUST00338,2025-11-18,5812,2853.34,48,59.44
CUST00338,2025-11-18,5411,144.27,14,10.3
CUST00338,2025-11-18,5541,254.4,1,254.4
CUST00338,2025-11-18,5814,932.93,5,186.59
CUST00339,2025-11-18,5999,956.83,12,79.74
CUST00339,2025-11-18,5812,2941.54,45,65.37
CUST00340,2025-11-18,5814,565.44,3,188.48
CUST00340,2025-11-18,5912,768.38,2,384.19
CUST00340,2025-11-18,5311,176.68,9,19.63
CUST00340,2025-11-18,5411,928.09,10,92.81
CUST00341,2025-11-18,5999,598.36,3,199.45
CUST00341,2025-11-18,5814,372.0,17,21.88
CUST00341,2025-11-18,5912,1963.24,18,109.07
CUST00341,2025-11-18,5541,707.13,17,41.6
CUST00342,2025-11-18,5411,559.35,16,34.96
CUST00342,2025-11-18,5999,1687.77,25,67.51
CUST00342,2025-11-18,5732,769.08,4,192.27
CUST00342,2025-11-18,5812,869.81,18,48.32
CUST00342,2025-11-18,5912,155.59,17,9.15
CUST00342,2025-11-18,5541,883.86,4,220.97
CUST00343,2025-11-18,5411,527.61,15,35.17
CUST00343,2025-11-18,5812,939.18,27,34.78
CUST00344,2025-11-18,5812,407.06,4,101.76
CUST00344,2025-11-18,5912,1713.08,41,41.78
CUST00344,2025-11-18,5732,477.72,5,95.54
CUST00344,2025-11-18,5411,545.47,19,28.71
CUST00345,2025-11-18,5814,68.48,5,13.7
CUST00346,2025-11-18,5411,773.8,13,59.52
CUST00346,2025-11-18,5812,1692.46,45,37.61
CUST00346,2025-11-18,5814,913.42,6,152.24
CUST00346,2025-11-18,5912,2817.27,37,76.14
CUST00346,2025-11-18,5541,1868.26,29,64.42
CUST00346,2025-11-18,5732,1949.57,30,64.99
CUST00347,2025-11-18,5812,886.3,49,18.09
CUST00347,2025-11-18,5912,110.71,6,18.45
CUST00347,2025-11-18,5999,132.62,12,11.05
CUST00347,2025-11-18,5311,947.47,16,59.22
CUST00347,2025-11-18,5814,379.83,13,29.22
CUST00347,2025-11-18,5541,2870.92,28,102.53
CUST00348,2025-11-18,5912,477.45,2,238.72
CUST00348,2025-11-18,5732,252.49,17,14.85
CUST00348,2025-11-18,5411,6266.59,90,69.63
CUST00348,2025-11-18,5999,102.92,13,7.92
CUST00348,2025-11-18,5541,852.76,12,71.06
CUST00348,2025-11-18,5814,566.6,4,141.65
CUST00349,2025-11-18,5999,1461.29,32,45.67
CUST00349,2025-11-18,5814,792.69,9,88.08
CUST00349,2025-11-18,5912,597.66,3,199.22
CUST00349,2025-11-18,5541,720.22,12,60.02
CUST00349,2025-11-18,5411,529.28,13,40.71
CUST00349,2025-11-18,5311,535.54,7,76.51
CUST00350,2025-11-18,5732,1957.76,17,115.16
CUST00350,2025-11-18,5411,828.53,27,30.69
CUST00351,2025-11-18,5999,2225.31,37,60.14
CUST00351,2025-11-18,5732,1302.49,37,35.2
CUST00351,2025-11-18,5912,749.65,16,46.85
CUST00352,2025-11-18,5812,725.6,5,145.12
CUST00352,2025-11-18,5814,538.38,12,44.86
CUST00352,2025-11-18,5732,1104.0,26,42.46
CUST00352,2025-11-18,5541,626.96,19,33.0
CUST00352,2025-11-18,5912,110.89,2,55.44
CUST00352,2025-11-18,5411,250.42,19,13.18
CUST00353,2025-11-18,5999,163.07,10,16.31
CUST00353,2025-11-18,5541,259.09,16,16.19
CUST00353,2025-11-18,5732,169.36,2,84.68
CUST00353,2025-11-18,5411,307.59,17,18.09
CUST00354,2025-11-18,5311,878.01,4,219.5
CUST00354,2025-11-18,5999,279.58,4,69.89
CUST00354,2025-11-18,5814,303.45,3,101.15
CUST00355,2025-11-18,5912,107.86,17,6.34
CUST00355,2025-11-18,5814,1323.45,11,120.31
CUST00355,2025-11-18,5812,180.2,15,12.01
CUST00355,2025-11-18,5541,2317.55,21,110.36
CUST00356,2025-11-18,5812,198.54,10,19.85
CUST00356,2025-11-18,5541,1686.09,44,38.32
CUST00356,2025-11-18,5999,736.11,11,66.92
CUST00356,2025-11-18,5912,650.14,10,65.01
CUST00357,2025-11-18,5999,1307.02,29,45.07
CUST00357,2025-11-18,5812,176.62,12,14.72
CUST00358,2025-11-18,5411,2071.02,31,66.81
CUST00359,2025-11-18,5541,2097.41,27,77.68
CUST00359,2025-11-18,5812,328.02,19,17.26
CUST00359,2025-11-18,5912,460.41,10,46.04
CUST00359,2025-11-18,5999,760.78,25,30.43
CUST00360,2025-11-18,5912,836.78,7,119.54
CUST00360,2025-11-18,5311,96.84,13,7.45
CUST00360,2025-11-18,5541,904.44,10,90.44
CUST00361,2025-11-18,5814,2830.87,18,157.27
CUST00361,2025-11-18,5311,2994.18,48,62.38
CUST00361,2025-11-18,5541,73.41,11,6.67
CUST00362,2025-11-18,5912,2202.38,20,110.12
CUST00362,2025-11-18,5812,2125.47,44,48.31
CUST00363,2025-11-18,5812,613.06,12,51.09
CUST00364,2025-11-18,5541,1813.3,45,40.3
CUST00364,2025-11-18,5311,918.18,6,153.03
CUST00365,2025-11-18,5311,104.24,12,8.69
CUST00365,2025-11-18,5541,672.73,15,44.85
CUST00365,2025-11-18,5999,182.71,5,36.54
CUST00366,2025-11-18,5912,2597.1,47,55.26
CUST00366,2025-11-18,5411,981.23,16,61.33
CUST00366,2025-11-18,5999,649.5,19,34.18
CUST00366,2025-11-18,5812,851.54,8,106.44
CUST00366,2025-11-18,5732,603.41,16,37.71
CUST00367,2025-11-18,5541,608.41,7,86.92
CUST00367,2025-11-18,5311,773.73,37,20.91
CUST00367,2025-11-18,5411,564.29,1,564.29
CUST00367,2025-11-18,5912,75.28,13,5.79
CUST00367,2025-11-18,5999,2289.05,37,61.87
CUST00367,2025-11-18,5732,245.59,10,24.56
CUST00368,2025-11-18,5732,537.19,10,53.72
CUST00368,2025-11-18,5311,622.14,3,207.38
CUST00368,2025-11-18,5999,117.25,2,58.63
CUST00368,2025-11-18,5814,103.4,2,51.7
CUST00369,2025-11-18,5812,1024.8,39,26.28
CUST00369,2025-11-18,5541,1088.46,33,32.98
CUST00369,2025-11-18,5912,251.13,13,19.32
CUST00369,2025-11-18,5732,977.28,3,325.76
CUST00369,2025-11-18,5411,189.28,8,23.66
CUST00370,2025-11-18,5732,475.57,4,118.89
CUST00371,2025-11-18,5999,289.71,7,41.39
CUST00371,2025-11-18,5411,991.67,35,28.33
CUST00371,2025-11-18,5912,1057.72,16,66.11
CUST00372,2025-11-18,5541,827.39,16,51.71
CUST00372,2025-11-18,5814,451.8,16,28.24
CUST00372,2025-11-18,5311,1630.92,31,52.61
CUST00372,2025-11-18,5411,917.12,45,20.38
CUST00373,2025-11-18,5541,698.54,4,174.63
CUST00373,2025-11-18,5311,147.63,7,21.09
CUST00373,2025-11-18,5411,896.43,17,52.73
CUST00373,2025-11-18,5814,453.54,9,50.39
CUST00374,2025-11-18,5912,892.69,15,59.51
CUST00375,2025-11-18,5999,256.86,7,36.69
CUST00375,2025-11-18,5732,774.02,5,154.8
CUST00376,2025-11-18,5912,2689.21,45,59.76
CUST00376,2025-11-18,5311,735.0,18,40.83
CUST00377,2025-11-18,5411,903.24,12,75.27
CUST00377,2025-11-18,5541,3391.69,81,41.87
CUST00377,2025-11-18,5311,914.09,10,91.41
CUST00377,2025-11-18,5999,999.38,16,62.46
CUST00377,2025-11-18,5912,443.02,4,110.76
CUST00377,2025-11-18,5732,129.76,5,25.95
CUST00378,2025-11-18,5812,334.45,1,334.45
CUST00378,2025-11-18,5814,792.64,12,66.05
CUST00379,2025-11-18,5311,445.35,4,111.34
CUST00379,2025-11-18,5541,180.85,12,15.07
CUST00380,2025-11-18,5311,2607.36,22,118.52
CUST00381,2025-11-18,5311,171.42,7,24.49
CUST00381,2025-11-18,5912,996.41,3,332.14
CUST00382,2025-11-18,5311,1121.99,11,102.0
CUST00382,2025-11-18,5814,733.9,45,16.31
CUST00383,2025-11-18,5311,2704.94,17,159.11
CUST00383,2025-11-18,5411,2659.47,49,54.27
CUST00383,2025-11-18,5814,68.14,15,4.54
CUST00383,2025-11-18,5812,650.51,8,81.31
CUST00383,2025-11-18,5541,542.11,19,28.53
CUST00383,2025-11-18,5732,759.1,7,108.44
CUST00384,2025-11-18,5812,384.13,12,32.01
CUST00385,2025-11-18,5541,632.27,32,19.76
CUST00385,2025-11-18,5814,1396.86,35,39.91
CUST00386,2025-11-18,5999,1965.59,27,72.8
CUST00387,2025-11-18,5311,512.49,6,85.41
CUST00387,2025-11-18,5541,1641.27,32,51.29
CUST00387,2025-11-18,5999,485.77,13,37.37
CUST00387,2025-11-18,5814,206.34,9,22.93
CUST00388,2025-11-18,5311,985.35,10,98.53
CUST00388,2025-11-18,5814,649.56,16,40.6
CUST00389,2025-11-18,5311,787.98,4,197.0
CUST00389,2025-11-18,5814,145.43,18,8.08
CUST00389,2025-11-18,5912,285.87,5,57.17
CUST00390,2025-11-18,5311,440.57,15,29.37
CUST00390,2025-11-18,5814,397.81,11,36.16
CUST00390,2025-11-18,5411,371.58,19,19.56
CUST00391,2025-11-18,5999,804.01,10,80.4
CUST00391,2025-11-18,5732,400.29,18,22.24
CUST00392,2025-11-18,5311,509.68,12,42.47
CUST00392,2025-11-18,5999,4731.76,59,80.2
CUST00392,2025-11-18,5912,801.75,7,114.54
CUST00392,2025-11-18,5812,324.69,5,64.94
CUST00392,2025-11-18,5541,1843.95,11,167.63
CUST00393,2025-11-18,5812,716.3,2,358.15
CUST00394,2025-11-18,5814,683.97,6,113.99
CUST00394,2025-11-18,5999,357.27,6,59.55
CUST00394,2025-11-18,5411,2680.99,14,191.5
CUST00395,2025-11-18,5999,290.54,7,41.51
CUST00395,2025-11-18,5912,1754.67,29,60.51
CUST00395,2025-11-18,5812,175.85,1,175.85
CUST00395,2025-11-18,5732,135.0,16,8.44
CUST00396,2025-11-18,5311,172.46,12,14.37
CUST00396,2025-11-18,5541,2902.07,22,131.91
CUST00396,2025-11-18,5999,1089.21,14,77.8
CUST00396,2025-11-18,5912,5080.85,68,74.72
CUST00397,2025-11-18,5411,602.25,14,43.02
CUST00397,2025-11-18,5311,500.82,17,29.46
CUST00397,2025-11-18,5814,552.8,14,39.49
CUST00397,2025-11-18,5912,373.92,7,53.42
CUST00398,2025-11-18,5999,921.88,17,54.23
CUST00398,2025-11-18,5732,1335.11,43,31.05
CUST00399,2025-11-18,5999,83.4,17,4.91
CUST00399,2025-11-18,5411,574.13,16,35.88
CUST00399,2025-11-18,5311,688.74,17,40.51
CUST00399,2025-11-18,5912,295.32,16,18.46
CUST00400,2025-11-18,5311,447.99,6,74.66
CUST00401,2025-11-18,5541,859.92,13,66.15
CUST00401,2025-11-18,5999,384.9,7,54.99
CUST00401,2025-11-18,5912,1204.49,40,30.11
CUST00401,2025-11-18,5812,518.38,14,37.03
CUST00401,2025-11-18,5732,167.51,16,10.47
CUST00401,2025-11-18,5814,170.86,18,9.49
CUST00402,2025-11-18,5311,414.22,3,138.07
CUST00402,2025-11-18,5732,3210.11,38,84.48
CUST00402,2025-11-18,5814,240.68,5,48.14
CUST00402,2025-11-18,5912,2051.39,11,186.49
CUST00402,2025-11-18,5541,156.41,18,8.69
CUST00403,2025-11-18,5912,920.3,27,34.09
CUST00403,2025-11-18,5411,643.84,10,64.38
CUST00403,2025-11-18,5814,933.49,21,44.45
CUST00404,2025-11-18,5912,886.97,30,29.57
CUST00404,2025-11-18,5311,743.43,18,41.3
CUST00404,2025-11-18,5812,1518.52,17,89.32
CUST00404,2025-11-18,5732,632.06,27,23.41
CUST00404,2025-11-18,5411,844.62,17,49.68
CUST00404,2025-11-18,5541,583.51,14,41.68
CUST00405,2025-11-18,5311,154.64,7,22.09
CUST00405,2025-11-18,5411,64.91,17,3.82
CUST00405,2025-11-18,5814,293.99,6,49.0
CUST00405,2025-11-18,5541,793.61,6,132.27
CUST00406,2025-11-18,5732,432.4,7,61.77
CUST00406,2025-11-18,5541,2418.2,44,54.96
CUST00406,2025-11-18,5311,1505.65,23,65.46
CUST00407,2025-11-18,5812,1914.36,48,39.88
CUST00407,2025-11-18,5814,808.53,5,161.71
CUST00408,2025-11-18,5411,420.73,12,35.06
CUST00408,2025-11-18,5541,576.39,5,115.28
CUST00408,2025-11-18,5814,973.48,10,97.35
CUST00408,2025-11-18,5812,448.51,11,40.77
CUST00409,2025-11-18,5999,2300.28,34,67.66
CUST00409,2025-11-18,5411,897.28,19,47.23
CUST00409,2025-11-18,5732,159.83,8,19.98
CUST00409,2025-11-18,5541,638.6,19,33.61
CUST00409,2025-11-18,5814,991.21,15,66.08
CUST00410,2025-11-18,5732,743.44,15,49.56
CUST00410,2025-11-18,5812,931.95,2,465.98
CUST00411,2025-11-18,5311,851.5,1,851.5
CUST00411,2025-11-18,5814,813.67,8,101.71
CUST00412,2025-11-18,5912,479.6,10,47.96
CUST00412,2025-11-18,5311,966.21,3,322.07
CUST00412,2025-11-18,5732,4350.36,44,98.87
CUST00413,2025-11-18,5814,413.25,14,29.52
CUST00413,2025-11-18,5411,394.72,8,49.34
CUST00413,2025-11-18,5732,894.21,17,52.6
CUST00413,2025-11-18,5999,350.63,16,21.91
CUST00413,2025-11-18,5541,737.36,17,43.37
CUST00413,2025-11-18,5812,77.83,5,15.57
CUST00414,2025-11-18,5311,953.21,9,105.91
CUST00414,2025-11-18,5812,877.91,12,73.16
CUST00414,2025-11-18,5541,417.05,11,37.91
CUST00415,2025-11-18,5814,2113.09,44,48.02
CUST00415,2025-11-18,5541,815.48,11,74.13
CUST00415,2025-11-18,5912,7582.92,94,80.67
CUST00415,2025-11-18,5999,542.3,7,77.47
CUST00416,2025-11-18,5732,2621.21,45,58.25
CUST00416,2025-11-18,5541,1638.66,40,40.97
CUST00416,2025-11-18,5411,206.06,15,13.74
CUST00417,2025-11-18,5912,248.88,14,17.78
CUST00418,2025-11-18,5541,553.55,13,42.58
CUST00418,2025-11-18,5411,897.46,3,299.15
CUST00418,2025-11-18,5812,1199.42,48,24.99
CUST00418,2025-11-18,5999,442.98,8,55.37
CUST00418,2025-11-18,5912,1194.73,21,56.89
CUST00419,2025-11-18,5814,2900.55,29,100.02
CUST00419,2025-11-18,5732,348.86,8,43.61
CUST00419,2025-11-18,5912,760.7,9,84.52
CUST00419,2025-11-18,5411,230.04,12,19.17
CUST00419,2025-11-18,5812,453.55,7,64.79
CUST00419,2025-11-18,5999,773.84,7,110.55
CUST00420,2025-11-18,5411,950.19,5,190.04
CUST00420,2025-11-18,5732,952.19,35,27.21
CUST00420,2025-11-18,5814,688.83,21,32.8
CUST00420,2025-11-18,5912,409.74,5,81.95
CUST00420,2025-11-18,5311,4150.89,73,56.86
CUST00420,2025-11-18,5541,238.3,19,12.54
CUST00421,2025-11-18,5732,997.01,18,55.39
CUST00421,2025-11-18,5311,620.58,14,44.33
CUST00421,2025-11-18,5999,268.88,3,89.63
CUST00421,2025-11-18,5912,301.97,17,17.76
CUST00421,2025-11-18,5411,950.79,17,55.93
CUST00422,2025-11-18,5411,1049.21,32,32.79
CUST00422,2025-11-18,5311,970.5,6,161.75
CUST00422,2025-11-18,5912,2936.52,36,81.57
CUST00423,2025-11-18,5814,235.1,15,15.67
CUST00423,2025-11-18,5311,517.78,18,28.77
CUST00423,2025-11-18,5411,664.5,21,31.64
CUST00423,2025-11-18,5812,1609.25,45,35.76
CUST00423,2025-11-18,5912,1054.45,16,65.9
CUST00423,2025-11-18,5541,2958.47,42,70.44
CUST00424,2025-11-18,5812,1016.61,48,21.18
CUST00424,2025-11-18,5912,1771.2,20,88.56
CUST00424,2025-11-18,5814,759.87,13,58.45
CUST00425,2025-11-18,5732,912.36,13,70.18
CUST00426,2025-11-18,5912,3763.5,80,47.04
CUST00426,2025-11-18,5311,2490.75,48,51.89
CUST00426,2025-11-18,5812,2512.42,15,167.49
CUST00426,2025-11-18,5411,2948.16,16,184.26
CUST00426,2025-11-18,5732,527.64,1,527.64
CUST00427,2025-11-18,5814,772.96,3,257.65
CUST00427,2025-11-18,5912,1208.05,38,31.79
CUST00428,2025-11-18,5541,388.38,4,97.1
CUST00428,2025-11-18,5999,673.2,13,51.78
CUST00429,2025-11-18,5912,1440.57,29,49.67
CUST00430,2025-11-18,5912,372.71,14,26.62
CUST00430,2025-11-18,5999,2476.28,22,112.56
CUST00430,2025-11-18,5732,414.82,3,138.27
CUST00431,2025-11-18,5812,573.16,17,33.72
CUST00432,2025-11-18,5732,904.62,6,150.77
CUST00432,2025-11-18,5311,2410.24,36,66.95
CUST00432,2025-11-18,5999,689.18,6,114.86
CUST00432,2025-11-18,5812,239.69,9,26.63
CUST00433,2025-11-18,5912,213.09,14,15.22
CUST00433,2025-11-18,5411,1595.28,48,33.23
CUST00433,2025-11-18,5999,1811.68,22,82.35
CUST00433,2025-11-18,5814,911.52,9,101.28
CUST00433,2025-11-18,5732,436.72,9,48.52
CUST00434,2025-11-18,5999,440.07,11,40.01
CUST00434,2025-11-18,5411,9137.9,66,138.45
CUST00435,2025-11-18,5541,545.12,2,272.56
CUST00435,2025-11-18,5732,742.94,10,74.29
CUST00436,2025-11-18,5732,365.4,4,91.35
CUST00437,2025-11-18,5732,627.1,13,48.24
CUST00437,2025-11-18,5541,551.2,2,275.6
CUST00437,2025-11-18,5311,764.73,17,44.98
CUST00437,2025-11-18,5814,553.09,5,110.62
CUST00437,2025-11-18,5912,384.12,10,38.41
CUST00437,2025-11-18,5411,800.62,10,80.06
CUST00438,2025-11-18,5541,329.97,10,33.0
CUST00438,2025-11-18,5411,53.72,7,7.67
CUST00438,2025-11-18,5732,858.7,2,429.35
CUST00438,2025-11-18,5814,2153.67,28,76.92
CUST00438,2025-11-18,5912,1045.68,31,33.73
CUST00438,2025-11-18,5812,444.35,7,63.48
CUST00439,2025-11-18,5812,1937.68,26,74.53
CUST00439,2025-11-18,5999,2644.41,42,62.96
CUST00439,2025-11-18,5311,60.46,18,3.36
CUST00440,2025-11-18,5812,185.7,2,92.85
CUST00440,2025-11-18,5541,2654.61,44,60.33
CUST00441,2025-11-18,5912,1795.8,31,57.93
CUST00441,2025-11-18,5999,477.1,12,39.76
CUST00441,2025-11-18,5541,1217.12,18,67.62
CUST00441,2025-11-18,5311,621.74,19,32.72
CUST00441,2025-11-18,5732,803.2,2,401.6
CUST00442,2025-11-18,5732,535.77,16,33.49
CUST00442,2025-11-18,5814,1574.58,21,74.98
CUST00442,2025-11-18,5541,64.27,10,6.43
CUST00442,2025-11-18,5411,102.01,10,10.2
CUST00442,2025-11-18,5311,574.71,7,82.1
CUST00443,2025-11-18,5912,4663.65,80,58.3
CUST00443,2025-11-18,5311,351.07,13,27.01
CUST00443,2025-11-18,5411,291.93,17,17.17
CUST00443,2025-11-18,5541,1817.04,26,69.89
CUST00444,2025-11-18,5732,752.5,17,44.26
CUST00444,2025-11-18,5411,350.65,13,26.97
CUST00444,2025-11-18,5311,2166.31,26,83.32
CUST00444,2025-11-18,5814,1088.91,10,108.89
CUST00444,2025-11-18,5812,8475.42,28,302.69
CUST00445,2025-11-18,5411,541.72,2,270.86
CUST00445,2025-11-18,5912,434.75,1,434.75
CUST00445,2025-11-18,5999,2837.9,17,166.94
CUST00445,2025-11-18,5732,398.31,19,20.96
CUST00446,2025-11-18,5912,757.98,10,75.8
CUST00446,2025-11-18,5812,233.94,14,16.71
CUST00446,2025-11-18,5411,532.13,4,133.03
CUST00447,2025-11-18,5814,748.7,11,68.06
CUST00447,2025-11-18,5311,679.77,16,42.49
CUST00447,2025-11-18,5732,3871.38,45,86.03
CUST00447,2025-11-18,5541,423.2,15,28.21
CUST00447,2025-11-18,5411,194.68,16,12.17
CUST00447,2025-11-18,5812,128.77,9,14.31
CUST00448,2025-11-18,5999,718.97,8,89.87
CUST00448,2025-11-18,5732,245.59,1,245.59
CUST00448,2025-11-18,5311,861.73,3,287.24
CUST00448,2025-11-18,5411,246.53,14,17.61
CUST00448,2025-11-18,5541,508.71,16,31.79
CUST00449,2025-11-18,5311,53.47,8,6.68
CUST00449,2025-11-18,5999,865.9,19,45.57
CUST00449,2025-11-18,5912,299.38,3,99.79
CUST00450,2025-11-18,5311,105.31,5,21.06
CUST00450,2025-11-18,5732,2387.65,20,119.38
CUST00450,2025-11-18,5812,634.58,12,52.88
CUST00450,2025-11-18,5912,872.72,12,72.73
CUST00450,2025-11-18,5541,571.96,4,142.99
CUST00450,2025-11-18,5814,666.7,4,166.67
CUST00451,2025-11-18,5999,473.41,19,24.92
CUST00451,2025-11-18,5732,523.05,2,261.53
CUST00451,2025-11-18,5541,873.79,9,97.09
CUST00451,2025-11-18,5411,588.01,15,39.2
CUST00451,2025-11-18,5311,2277.24,22,103.51
CUST00452,2025-11-18,5912,717.5,17,42.21
CUST00452,2025-11-18,5732,2922.42,42,69.58
CUST00453,2025-11-18,5541,621.6,10,62.16
CUST00453,2025-11-18,5912,464.24,12,38.69
CUST00453,2025-11-18,5814,597.03,33,18.09
CUST00453,2025-11-18,5732,938.08,1,938.08
CUST00454,2025-11-18,5311,1371.9,24,57.16
CUST00454,2025-11-18,5999,901.47,14,64.39
CUST00454,2025-11-18,5912,916.0,18,50.89
CUST00454,2025-11-18,5541,274.53,15,18.3
CUST00454,2025-11-18,5732,839.68,11,76.33
CUST00454,2025-11-18,5814,1365.27,38,35.93
CUST00455,2025-11-18,5812,2272.82,11,206.62
CUST00455,2025-11-18,5732,279.28,16,17.46
CUST00455,2025-11-18,5541,899.47,19,47.34
CUST00455,2025-11-18,5411,825.95,4,206.49
CUST00455,2025-11-18,5814,1504.53,49,30.7
CUST00456,2025-11-18,5732,2590.3,20,129.51
CUST00456,2025-11-18,5812,196.0,12,16.33
CUST00456,2025-11-18,5541,1487.02,30,49.57
CUST00457,2025-11-18,5999,837.96,8,104.74
CUST00458,2025-11-18,5311,433.78,1,433.78
CUST00459,2025-11-18,5541,82.58,15,5.51
CUST00460,2025-11-18,5999,974.31,4,243.58
CUST00460,2025-11-18,5912,105.36,1,105.36
CUST00461,2025-11-18,5732,67.44,19,3.55
CUST00462,2025-11-18,5999,1391.81,40,34.8
CUST00462,2025-11-18,5311,671.52,18,37.31
CUST00462,2025-11-18,5732,58.71,6,9.78
CUST00463,2025-11-18,5814,551.65,10,55.16
CUST00463,2025-11-18,5411,2795.71,46,60.78
CUST00463,2025-11-18,5732,200.53,15,13.37
CUST00463,2025-11-18,5541,527.0,18,29.28
CUST00463,2025-11-18,5311,1835.09,49,37.45
CUST00464,2025-11-18,5541,947.87,18,52.66
CUST00464,2025-11-18,5732,687.74,8,85.97
CUST00464,2025-11-18,5311,921.87,10,92.19
CUST00465,2025-11-18,5999,936.91,2,468.46
CUST00465,2025-11-18,5912,1764.14,15,117.61
CUST00465,2025-11-18,5541,148.76,19,7.83
CUST00465,2025-11-18,5812,6674.56,83,80.42
CUST00465,2025-11-18,5732,744.38,15,49.63
CUST00466,2025-11-18,5311,768.42,6,128.07
CUST00467,2025-11-18,5812,1690.14,33,51.22
CUST00467,2025-11-18,5411,1753.6,45,38.97
CUST00468,2025-11-18,5311,612.94,3,204.31
CUST00469,2025-11-18,5732,217.59,1,217.59
CUST00470,2025-11-18,5912,400.57,19,21.08
CUST00470,2025-11-18,5812,128.6,10,12.86
CUST00470,2025-11-18,5814,1131.91,14,80.85
CUST00471,2025-11-18,5814,190.08,6,31.68
CUST00471,2025-11-18,5732,152.04,11,13.82
CUST00471,2025-11-18,5541,916.64,7,130.95
CUST00472,2025-11-18,5814,6371.12,92,69.25
CUST00473,2025-11-18,5999,711.09,3,237.03
CUST00474,2025-11-18,5732,869.63,7,124.23
CUST00474,2025-11-18,5311,860.73,4,215.18
CUST00474,2025-11-18,5541,2071.06,31,66.81
CUST00474,2025-11-18,5912,97.98,17,5.76
CUST00474,2025-11-18,5999,928.73,16,58.05
CUST00474,2025-11-18,5814,2174.88,10,217.49
CUST00475,2025-11-18,5411,900.86,15,60.06
CUST00475,2025-11-18,5812,190.08,2,95.04
CUST00475,2025-11-18,5999,881.26,10,88.13
CUST00475,2025-11-18,5541,770.47,13,59.27
CUST00475,2025-11-18,5732,97.93,6,16.32
CUST00476,2025-11-18,5311,9587.4,68,140.99
CUST00476,2025-11-18,5812,765.33,15,51.02
CUST00476,2025-11-18,5912,979.35,10,97.94
CUST00476,2025-11-18,5814,395.92,11,35.99
CUST00476,2025-11-18,5732,458.8,17,26.99
CUST00477,2025-11-18,5541,578.03,26,22.23
CUST00477,2025-11-18,5912,1160.03,25,46.4
CUST00477,2025-11-18,5812,672.16,16,42.01
CUST00477,2025-11-18,5814,283.7,9,31.52
CUST00478,2025-11-18,5814,678.51,10,67.85
CUST00479,2025-11-18,5812,794.4,10,79.44
CUST00479,2025-11-18,5814,1834.04,34,53.94
CUST00479,2025-11-18,5732,1781.44,26,68.52
CUST00480,2025-11-18,5812,62.84,17,3.7
CUST00480,2025-11-18,5311,694.85,4,173.71
CUST00480,2025-11-18,5999,672.03,1,672.03
CUST00480,2025-11-18,5814,506.13,2,253.06
CUST00480,2025-11-18,5732,600.17,9,66.69
CUST00480,2025-11-18,5912,709.37,16,44.34
CUST00481,2025-11-18,5732,394.63,3,131.54
CUST00481,2025-11-18,5311,134.76,7,19.25
CUST00482,2025-11-18,5411,900.13,1,900.13
CUST00482,2025-11-18,5999,667.37,7,95.34
CUST00482,2025-11-18,5311,559.75,14,39.98
CUST00482,2025-11-18,5541,821.98,11,74.73
CUST00482,2025-11-18,5732,705.16,6,117.53
CUST00483,2025-11-18,5311,135.04,17,7.94
CUST00484,2025-11-18,5812,339.52,11,30.87
CUST00484,2025-11-18,5912,160.37,12,13.36
CUST00484,2025-11-18,5541,705.57,15,47.04
CUST00484,2025-11-18,5814,576.59,19,30.35
CUST00485,2025-11-18,5411,850.8,12,70.9
CUST00486,2025-11-18,5812,478.17,4,119.54
CUST00486,2025-11-18,5311,7663.58,67,114.38
CUST00486,2025-11-18,5999,668.29,4,167.07
CUST00487,2025-11-18,5814,139.29,9,15.48
CUST00487,2025-11-18,5999,434.47,3,144.82
CUST00487,2025-11-18,5541,996.48,19,52.45
CUST00488,2025-11-18,5999,2245.43,47,47.78
CUST00488,2025-11-18,5732,86.45,5,17.29
CUST00488,2025-11-18,5814,1742.92,42,41.5
CUST00488,2025-11-18,5812,566.97,10,56.7
CUST00488,2025-11-18,5541,101.5,18,5.64
CUST00488,2025-11-18,5311,1124.06,41,27.42
CUST00489,2025-11-18,5814,1923.71,32,60.12
CUST00489,2025-11-18,5812,1759.05,16,109.94
CUST00490,2025-11-18,5311,578.98,6,96.5
CUST00491,2025-11-18,5541,4701.75,81,58.05
CUST00491,2025-11-18,5732,797.63,1,797.63
CUST00492,2025-11-18,5732,2308.49,12,192.37
CUST00492,2025-11-18,5814,658.46,9,73.16
CUST00492,2025-11-18,5311,844.14,19,44.43
CUST00493,2025-11-18,5814,108.16,1,108.16
CUST00493,2025-11-18,5311,760.99,10,76.1
CUST00493,2025-11-18,5812,1131.47,34,33.28
CUST00493,2025-11-18,5912,1522.32,27,56.38
CUST00493,2025-11-18,5999,554.16,8,69.27
CUST00493,2025-11-18,5732,565.45,1,565.45
CUST00494,2025-11-18,5311,374.92,12,31.24
CUST00494,2025-11-18,5999,735.15,31,23.71
CUST00494,2025-11-18,5732,2365.78,42,56.33
CUST00494,2025-11-18,5411,601.76,4,150.44
CUST00495,2025-11-18,5812,1836.39,36,51.01
CUST00495,2025-11-18,5732,260.98,8,32.62
CUST00495,2025-11-18,5311,980.04,21,46.67
CUST00495,2025-11-18,5912,2993.96,27,110.89
CUST00495,2025-11-18,5411,529.45,17,31.14
CUST00496,2025-11-18,5999,969.76,48,20.2
CUST00497,2025-11-18,5999,1621.02,25,64.84
CUST00497,2025-11-18,5812,929.97,17,54.7
CUST00497,2025-11-18,5732,730.67,14,52.19
CUST00497,2025-11-18,5814,2126.52,31,68.6
CUST00497,2025-11-18,5541,2376.67,38,62.54
CUST00497,2025-11-18,5912,550.95,17,32.41
CUST00498,2025-11-18,5411,477.52,10,47.75
CUST00498,2025-11-18,5812,387.99,2,193.99
CUST00498,2025-11-18,5999,538.84,17,31.7
CUST00498,2025-11-18,5311,701.17,9,77.91
CUST00498,2025-11-18,5814,1923.2,31,62.04
CUST00498,2025-11-18,5912,2290.81,21,109.09
CUST00499,2025-11-18,5999,334.06,5,66.81
CUST00499,2025-11-18,5912,313.56,6,52.26
CUST00499,2025-11-18,5814,843.99,2,422.0
CUST00499,2025-11-18,5812,781.28,13,60.1
CUST00499,2025-11-18,5541,975.59,14,69.68
CUST00500,2025-11-18,5732,100.76,1,100.76
CUST00500,2025-11-18,5311,1888.81,44,42.93
EDGE001,2025-11-18,5411,8000.0,80,100.0
EDGE001,2025-11-18,5812,3000.0,50,60.0
EDGE002,2025-11-18,5812,9500.0,100,95.0
EDGE002,2025-11-18,5411,500.0,10,50.0
EDGE003,2025-11-18,5732,15000.0,5,3000.0
EDGE004,2025-11-18,5411,2000.0,40,50.0
EDGE005,2025-11-18,5732,12000.0,30,400.0
EDGE005,2025-11-18,5999,8000.0,20,400.0
EDGE006,2025-11-18,5411,0.0,0,0.0
EDGE007,2025-11-18,5814,500.0,200,2.5
